V1,member_id,parl,name,username,constituency,party,gender,house_start_date,house_end_date
671,4359,2017,Stephen Kinnock,skinnock,Aberavon,Labour,M,2015-05-07,NA
672,4359,2015,Stephen Kinnock,skinnock,Aberavon,Labour,M,2015-05-07,NA
322,3910,2017,Guto Bebb,GutoAberconwy,Aberconwy,Independent,M,2010-05-06,2019-11-06
323,3910,2015,Guto Bebb,GutoAberconwy,Aberconwy,Independent,M,2010-05-06,2019-11-06
667,4357,2017,Kirsty Blackman,KirstySNP,Aberdeen North,Scottish National Party,F,2015-05-07,NA
668,4357,2015,Kirsty Blackman,KirstySNP,Aberdeen North,Scottish National Party,F,2015-05-07,NA
679,4364,2015,Callum McCaig,callum_mccaig,Aberdeen South,Scottish National Party,M,2015-05-07,2017-05-03
985,4599,2017,Ross Thomson,RossThomson_Abz,Aberdeen South,Conservative,M,2017-06-08,2019-11-06
680,4365,2017,Neil Gray,neilgraysnp,Airdrie and Shotts,Scottish National Party,M,2015-05-07,NA
681,4365,2015,Neil Gray,neilgraysnp,Airdrie and Shotts,Scottish National Party,M,2015-05-07,NA
1058,47,2015,James Howarth,geraldhowarth,Aldershot,Conservative,M,1997-05-01,2017-05-03
986,4600,2017,Leo Docherty,LeoDochertyUK,Aldershot,Conservative,M,2017-06-08,NA
669,4358,2015,Wendy Morton,morton_wendy,Aldridge-Brownhills,Conservative,F,2015-05-07,NA
670,4358,2017,Wendy Morton,morton_wendy,Aldridge-Brownhills,Conservative,F,2015-05-07,NA
663,435,2015,Graham Brady,SirGrahamBrady,Altrincham and Sale West,Conservative,M,1997-05-01,NA
664,435,2017,Graham Brady,SirGrahamBrady,Altrincham and Sale West,Conservative,M,1997-05-01,NA
24,1383,2017,Mark Tami,MarkTamiMP,Alyn and Deeside,Labour,M,2001-06-07,NA
25,1383,2015,Mark Tami,MarkTamiMP,Alyn and Deeside,Labour,M,2001-06-07,NA
611,4136,2015,Nigel Mills,nigelmills,Amber Valley,Conservative,M,2010-05-06,NA
612,4136,2017,Nigel Mills,nigelmills,Amber Valley,Conservative,M,2010-05-06,NA
1049,4675,2017,Kirstene Hair,Kirstene4Angus,Angus,Conservative,F,2017-06-08,2019-11-06
26,1384,2015,Michael Weir,mikeweirsnp,Angus,Scottish National Party,M,2001-06-07,2017-05-03
33,1397,2015,Hywel Williams,hywelplaidcymru,Arfon,Plaid Cymru,M,2001-06-07,NA
34,1397,2017,Hywel Williams,hywelplaidcymru,Arfon,Plaid Cymru,M,2001-06-07,NA
693,4371,2017,Brendan O'Hara,BrendanOHaraMP,Argyll and Bute,Scottish National Party,M,2015-05-07,NA
694,4371,2015,Brendan O'Hara,BrendanOHaraMP,Argyll and Bute,Scottish National Party,M,2015-05-07,NA
87,1479,2017,Nick Herbert,nickherbertcbe,Arundel and South Downs,Conservative,M,2020-09-01,NA
88,1479,2015,Nick Herbert,nickherbertcbe,Arundel and South Downs,Conservative,M,2020-09-01,NA
329,3915,2017,Gloria De Piero,GloriaDePiero,Ashfield,Labour,F,2010-05-06,2019-11-06
330,3915,2015,Gloria De Piero,GloriaDePiero,Ashfield,Labour,F,2010-05-06,2019-11-06
1088,76,2015,Damian Green,DamianGreen,Ashford,Conservative,M,1997-05-01,NA
1089,76,2017,Damian Green,DamianGreen,Ashford,Conservative,M,1997-05-01,NA
665,4356,2017,Angela Rayner,angelarayner,Ashton-under-Lyne,Labour,F,2015-05-07,NA
666,4356,2015,Angela Rayner,angelarayner,Ashton-under-Lyne,Labour,F,2015-05-07,NA
111,15,2015,David Lidington,DLidington,Aylesbury,Conservative,M,1992-04-09,2019-11-06
112,15,2017,David Lidington,DLidington,Aylesbury,Conservative,M,1992-04-09,2019-11-06
818,4448,2015,Corri Wilson,CorriWilsonSNP,"Ayr, Carrick and Cumnock",Scottish National Party,F,2015-05-07,2017-05-03
738,4401,2015,Victoria Prentis,victoriaprentis,Banbury,Conservative,F,2015-05-07,NA
739,4401,2017,Victoria Prentis,victoriaprentis,Banbury,Conservative,F,2015-05-07,NA
990,4606,2017,David Duguid,david_duguid,Banff and Buchan,Conservative,M,2017-06-08,NA
324,3911,2015,Eilidh Whiteford,eilidhwhiteford,Banff and Buchan,Scottish National Party,F,2010-05-06,2017-05-03
39,140,2017,Margaret Hodge,margarethodge,Barking,Labour,F,1994-06-09,NA
40,140,2015,Margaret Hodge,margarethodge,Barking,Labour,F,1994-06-09,NA
630,4243,2017,Daniel Jarvis,DanJarvisMP,Barnsley Central,Labour,M,2011-03-03,NA
631,4243,2015,Daniel Jarvis,DanJarvisMP,Barnsley Central,Labour,M,2011-03-03,NA
331,3916,2015,Michael Dugher,MichaelDugher,Barnsley East,Labour,M,2010-05-06,2017-05-03
991,4607,2017,Stephanie Peacock,Steph_Peacock,Barnsley East,Labour,F,2017-06-08,NA
332,3917,2017,John Woodcock,LordWalney,Barrow and Furness,Non-affiliated,M,2020-09-04,NA
333,3917,2015,John Woodcock,LordWalney,Barrow and Furness,Non-affiliated,M,2020-09-04,NA
89,1480,2017,Maria Miller,MariaMillerUK,Basingstoke,Conservative,F,2005-05-05,NA
90,1480,2015,Maria Miller,MariaMillerUK,Basingstoke,Conservative,F,2005-05-05,NA
27,1387,2015,John Mann,LordJohnMann,Bassetlaw,Non-affiliated,M,2019-10-28,NA
28,1387,2017,John Mann,LordJohnMann,Bassetlaw,Non-affiliated,M,2019-10-28,NA
813,4445,2015,Ben Howlett,benhowlettuk,Bath,Conservative,M,2015-05-07,2017-05-03
988,4602,2017,Wera Hobhouse,Wera_Hobhouse,Bath,Liberal Democrat,F,2017-06-08,NA
979,4588,2015,Tracy Brabin,tracybrabin,Batley and Spen,Labour (Co-op),F,2016-10-20,NA
980,4588,2017,Tracy Brabin,tracybrabin,Batley and Spen,Labour (Co-op),F,2016-10-20,NA
334,3918,2015,Jane  Ellison,JaneEllison,Battersea,Conservative,F,2010-05-06,2017-05-03
1050,4676,2017,Marsha De Cordova,Marshadecordova,Battersea,Labour,F,2017-06-08,NA
984,4598,2017,Mohammad Yasin,YasinForBedford,Bedford,Labour,M,2017-06-08,NA
673,4360,2015,Gavin Robinson,grobinsondup,Belfast East,Democratic Unionist Party,M,2015-05-07,NA
674,4360,2017,Gavin Robinson,grobinsondup,Belfast East,Democratic Unionist Party,M,2015-05-07,NA
29,1388,2017,Nigel Dodds,NigelDoddsDUP,Belfast North,Democratic Unionist Party,M,2020-09-18,NA
30,1388,2015,Nigel Dodds,NigelDoddsDUP,Belfast North,Democratic Unionist Party,M,2020-09-18,NA
228,1596,2015,Alasdair McDonnell,AlMcDonnellSB,Belfast South,Social Democratic & Labour Party,M,2005-05-05,2017-05-03
994,4611,2017,Emma Little Pengelly,little_pengelly,Belfast South,Democratic Unionist Party,F,2017-06-08,2019-11-06
634,4245,2017,Paul Maskey,PaulMaskeyMP,Belfast West,Sinn Féin,M,2011-06-09,NA
635,4245,2015,Paul Maskey,PaulMaskeyMP,Belfast West,Sinn Féin,M,2011-06-09,NA
685,4368,2015,Neil Coyle,coyleneil,Bermondsey and Old Southwark,Labour,M,2015-05-07,NA
686,4368,2017,Neil Coyle,coyleneil,Bermondsey and Old Southwark,Labour,M,2015-05-07,NA
965,4531,2017,Anne-Marie Trevelyan,annietrev,Berwick-upon-Tweed,Conservative,F,2015-05-07,NA
966,4531,2015,Anne-Marie Trevelyan,annietrev,Berwick-upon-Tweed,Conservative,F,2015-05-07,NA
701,4379,2015,Calum Kerr,CalumRKerr,"Berwickshire, Roxburgh and Selkirk",Scottish National Party,M,2015-05-07,2017-05-03
992,4608,2017,John Lamont,John2Win,"Berwickshire, Roxburgh and Selkirk",Conservative,M,2017-06-08,NA
615,4138,2017,Rushanara Ali,rushanaraali,Bethnal Green and Bow,Labour,F,2010-05-06,NA
616,4138,2015,Rushanara Ali,rushanaraali,Bethnal Green and Bow,Labour,F,2010-05-06,NA
93,1482,2015,Graham Stuart,grahamstuart,Beverley and Holderness,Conservative,M,2005-05-05,NA
94,1482,2017,Graham Stuart,grahamstuart,Beverley and Holderness,Conservative,M,2005-05-05,NA
807,4442,2017,Huw Merriman,huwmerriman,Bexhill and Battle,Conservative,M,2015-05-07,NA
808,4442,2015,Huw Merriman,huwmerriman,Bexhill and Battle,Conservative,M,2015-05-07,NA
15,1198,2015,David Evennett,DavidEvennett,Bexleyheath and Crayford,Conservative,M,2005-05-05,NA
16,1198,2017,David Evennett,DavidEvennett,Bexleyheath and Crayford,Conservative,M,2005-05-05,NA
1063,478,2015,Frank Field,frankfieldteam,Birkenhead,Crossbench,M,2020-09-11,NA
1064,478,2017,Frank Field,frankfieldteam,Birkenhead,Crossbench,M,2020-09-11,NA
293,296,2015,Gisela Stuart,GiselaStuart,Birmingham Edgbaston,Non-affiliated,F,2020-09-07,NA
989,4603,2017,Preet Gill,PreetKGillMP,"Birmingham, Edgbaston",Labour (Co-op),F,2017-06-08,NA
325,3913,2015,John Dromey,JackDromeyMP,"Birmingham, Erdington",Labour,M,2010-05-06,NA
326,3913,2017,John Dromey,JackDromeyMP,"Birmingham, Erdington",Labour,M,2010-05-06,NA
298,304,2015,Roger Godsiff,RogerGodsiff,"Birmingham, Hall Green",Labour,M,1992-04-09,2019-11-06
299,304,2017,Roger Godsiff,RogerGodsiff,"Birmingham, Hall Green",Labour,M,1992-04-09,2019-11-06
13,1171,2017,Liam Byrne,LiamByrneMP,"Birmingham, Hodge Hill",Labour,M,2004-07-15,NA
14,1171,2015,Liam Byrne,LiamByrneMP,"Birmingham, Hodge Hill",Labour,M,2004-07-15,NA
327,3914,2017,Shabana Mahmood,ShabanaMahmood,"Birmingham, Ladywood",Labour,F,2010-05-06,NA
328,3914,2015,Shabana Mahmood,ShabanaMahmood,"Birmingham, Ladywood",Labour,F,2010-05-06,NA
296,301,2015,Richard Burden,RichardBurden27,"Birmingham, Northfield",Labour,M,1992-04-09,2019-11-06
297,301,2017,Richard Burden,RichardBurden27,"Birmingham, Northfield",Labour,M,1992-04-09,2019-11-06
31,1392,2017,Khalid Mahmood,khalid4PB,"Birmingham, Perry Barr",Labour,M,2001-06-07,NA
32,1392,2015,Khalid Mahmood,khalid4PB,"Birmingham, Perry Barr",Labour,M,2001-06-07,NA
294,298,2015,Stephen McCabe,steve_mccabe,"Birmingham, Selly Oak",Labour,M,1997-05-01,NA
295,298,2017,Stephen McCabe,steve_mccabe,"Birmingham, Selly Oak",Labour,M,1997-05-01,NA
691,4370,2015,Jessica Phillips,jessphillips,"Birmingham, Yardley",Labour,F,2015-05-07,NA
692,4370,2017,Jessica Phillips,jessphillips,"Birmingham, Yardley",Labour,F,2015-05-07,NA
95,1484,2017,Helen Goodman,HelenGoodmanBA,Bishop Auckland,Labour,F,2005-05-05,2019-11-06
96,1484,2015,Helen Goodman,HelenGoodmanBA,Bishop Auckland,Labour,F,2005-05-05,2019-11-06
677,4363,2017,Catherine Hollern,kate_hollernmp,Blackburn,Labour,F,2015-05-07,NA
678,4363,2015,Catherine Hollern,kate_hollernmp,Blackburn,Labour,F,2015-05-07,NA
343,3926,2017,Paul Maynard,PaulMaynardUK,Blackpool North and Cleveleys,Conservative,M,2010-05-06,NA
344,3926,2015,Paul Maynard,PaulMaynardUK,Blackpool North and Cleveleys,Conservative,M,2010-05-06,NA
1026,465,2017,Gordon Marsden,GordonMarsden,Blackpool South,Labour,M,1997-05-01,2019-11-06
1027,465,2015,Gordon Marsden,GordonMarsden,Blackpool South,Labour,M,1997-05-01,2019-11-06
345,3928,2017,Nicholas Smith,BlaenauGwentMP,Blaenau Gwent,Labour,M,2010-05-06,NA
346,3928,2015,Nicholas Smith,BlaenauGwentMP,Blaenau Gwent,Labour,M,2010-05-06,NA
97,1486,2015,David Anderson,DaveAndersonMP,Blaydon,Labour,M,2005-05-05,2017-05-03
5,111,2017,Nicolas Gibb,nickgibbuk,Bognor Regis and Littlehampton,Conservative,M,1997-05-01,NA
6,111,2015,Nicolas Gibb,nickgibbuk,Bognor Regis and Littlehampton,Conservative,M,1997-05-01,NA
689,437,2015,David Crausby,DavidCrausby,Bolton North East,Labour,M,1997-05-01,2019-11-06
690,437,2017,David Crausby,DavidCrausby,Bolton North East,Labour,M,1997-05-01,2019-11-06
341,3924,2015,Yasmin  Qureshi,YasminQureshiMP,Bolton South East,Labour,F,2010-05-06,NA
342,3924,2017,Yasmin  Qureshi,YasminQureshiMP,Bolton South East,Labour,F,2010-05-06,NA
732,4398,2015,Christopher Green,CGreenUK,Bolton West,Conservative,M,2015-05-07,NA
733,4398,2017,Christopher Green,CGreenUK,Bolton West,Conservative,M,2015-05-07,NA
730,4397,2015,Peter Dowd,peter_dowd,Bootle,Labour,M,2015-05-07,NA
731,4397,2017,Peter Dowd,peter_dowd,Bootle,Labour,M,2015-05-07,NA
675,4361,2017,Matthew Warman,mattwarman,Boston and Skegness,Conservative,M,2015-05-07,NA
676,4361,2015,Matthew Warman,mattwarman,Boston and Skegness,Conservative,M,2015-05-07,NA
98,1487,2017,Tobias Ellwood,Tobias_Ellwood,Bournemouth East,Conservative,M,2005-05-05,NA
99,1487,2015,Tobias Ellwood,Tobias_Ellwood,Bournemouth East,Conservative,M,2005-05-05,NA
339,3922,2017,Conor Burns,ConorBurnsUK,Bournemouth West,Conservative,M,2010-05-06,NA
340,3922,2015,Conor Burns,ConorBurnsUK,Bournemouth West,Conservative,M,2010-05-06,NA
337,3921,2015,Phillip Lee,DrPhillipLee,Bracknell,Liberal Democrat,M,2010-05-06,2019-11-06
338,3921,2017,Phillip Lee,DrPhillipLee,Bracknell,Liberal Democrat,M,2010-05-06,2019-11-06
724,4394,2015,Imran Hussain,Imran_HussainMP,Bradford East,Labour,M,2015-05-07,NA
725,4394,2017,Imran Hussain,Imran_HussainMP,Bradford East,Labour,M,2015-05-07,NA
719,4391,2015,Judith Cummins,judithcummins,Bradford South,Labour,F,2015-05-07,NA
720,4391,2017,Judith Cummins,judithcummins,Bradford South,Labour,F,2015-05-07,NA
753,4409,2017,Naseem Shah,nazshahbfd,Bradford West,Labour,F,2015-05-07,NA
754,4409,2015,Naseem Shah,nazshahbfd,Bradford West,Labour,F,2015-05-07,NA
682,4366,2015,James Cleverly,jamescleverly,Braintree,Conservative,M,2015-05-07,NA
683,4366,2017,James Cleverly,jamescleverly,Braintree,Conservative,M,2015-05-07,NA
100,1489,2017,Dawn Butler,dawnbutlerbrent,Brent Central,Labour,F,2015-05-07,NA
101,1489,2015,Dawn Butler,dawnbutlerbrent,Brent Central,Labour,F,2015-05-07,NA
74,146,2015,Barry Gardiner,BarryGardiner,Brent North,Labour,M,1997-05-01,NA
75,146,2017,Barry Gardiner,BarryGardiner,Brent North,Labour,M,1997-05-01,NA
715,4389,2017,Ruth Cadbury,ruthcadbury,Brentford and Isleworth,Labour,F,2015-05-07,NA
716,4389,2015,Ruth Cadbury,ruthcadbury,Brentford and Isleworth,Labour,F,2015-05-07,NA
305,33,2015,Eric Pickles,EricPickles,Brentwood and Ongar,Conservative,M,2018-06-18,NA
996,4613,2017,Michael Burghart,alexburghart,Brentwood and Ongar,Conservative,M,2017-06-08,NA
102,1490,2015,Madeleine Moon,MadeleineMoon,Bridgend,Labour,F,2005-05-05,2019-11-06
103,1490,2017,Madeleine Moon,MadeleineMoon,Bridgend,Labour,F,2005-05-05,2019-11-06
998,4615,2017,Lloyd Russell-Moyle,lloyd_rm,"Brighton, Kemptown",Labour (Co-op),M,2017-06-08,NA
347,3930,2017,Caroline Lucas,CarolineLucas,"Brighton, Pavilion",Green Party,F,2010-05-06,NA
348,3930,2015,Caroline Lucas,CarolineLucas,"Brighton, Pavilion",Green Party,F,2010-05-06,NA
104,1491,2017,Kerry McCarthy,KerryMP,Bristol East,Labour,F,2005-05-05,NA
105,1491,2015,Kerry McCarthy,KerryMP,Bristol East,Labour,F,2005-05-05,NA
349,3933,2015,Charlotte Leslie,CharlotteLeslie,Bristol North West,Conservative,F,2010-05-06,2017-05-03
1002,4621,2017,Darren Jones,darrenpjones,Bristol North West,Labour,M,2017-06-08,NA
811,4444,2015,Karin Smyth,karinsmyth,Bristol South,Labour,F,2015-05-07,NA
812,4444,2017,Karin Smyth,karinsmyth,Bristol South,Labour,F,2015-05-07,NA
791,4433,2015,Thangam Debbonaire,thangammp,Bristol West,Labour,F,2015-05-07,NA
792,4433,2017,Thangam Debbonaire,thangammp,Bristol West,Labour,F,2015-05-07,NA
22,126,2017,Keith Simpson,KeithSimpsonNFN,Broadland,Conservative,M,1997-05-01,2019-11-06
23,126,2015,Keith Simpson,KeithSimpsonNFN,Broadland,Conservative,M,1997-05-01,2019-11-06
229,1601,2017,Robert Neill,neill_bob,Bromley and Chislehurst,Conservative,M,2006-06-29,NA
230,1601,2015,Robert Neill,neill_bob,Bromley and Chislehurst,Conservative,M,2006-06-29,NA
362,3945,2015,Sajid Javid,sajidjavid,Bromsgrove,Conservative,M,2010-05-06,NA
363,3945,2017,Sajid Javid,sajidjavid,Bromsgrove,Conservative,M,2010-05-06,NA
106,1493,2015,Charles Walker,CharlesWalkerMP,Broxbourne,Conservative,M,2005-05-05,NA
107,1493,2017,Charles Walker,CharlesWalkerMP,Broxbourne,Conservative,M,2005-05-05,NA
354,3938,2017,Anna Soubry,Anna_Soubry,Broxtowe,The Independent Group for Change,F,2010-05-06,2019-11-06
355,3938,2015,Anna Soubry,Anna_Soubry,Broxtowe,The Independent Group for Change,F,2010-05-06,2019-11-06
745,4405,2017,Julie Cooper,julieforburnley,Burnley,Labour,F,2015-05-07,2019-11-06
746,4405,2015,Julie Cooper,julieforburnley,Burnley,Labour,F,2015-05-07,2019-11-06
352,3936,2015,Andrew Griffiths,griffitha,Burton,Conservative,M,2010-05-06,2019-11-06
353,3936,2017,Andrew Griffiths,griffitha,Burton,Conservative,M,2010-05-06,2019-11-06
619,4140,2015,David Nuttall,DNuttall,Bury North,Conservative,M,2010-05-06,2017-05-03
1017,4637,2017,James Frith,JamesFrith,Bury North,Labour,M,2017-06-08,2019-11-06
702,4380,2017,Johanna Churchill,jochurchill4,Bury St Edmunds,Conservative,F,2015-05-07,NA
703,4380,2015,Johanna Churchill,jochurchill4,Bury St Edmunds,Conservative,F,2015-05-07,NA
35,1398,2015,Wayne David,WayneDavid_MP,Caerphilly,Labour,M,2001-06-07,NA
36,1398,2017,Wayne David,WayneDavid_MP,Caerphilly,Labour,M,2001-06-07,NA
995,4612,2017,Jamie Stone,Jamie4North,"Caithness, Sutherland and Easter Ross",Liberal Democrat,M,2017-06-08,NA
707,4383,2015,Paul Monaghan,PaulMaynardUK,"Caithness, Sutherland and Easter Ross",Scottish National Party,M,2015-05-07,2017-05-03
356,3940,2015,Craig Whittaker,CWhittaker_MP,Calder Valley,Conservative,M,2010-05-06,NA
357,3940,2017,Craig Whittaker,CWhittaker_MP,Calder Valley,Conservative,M,2010-05-06,NA
113,150,2017,Harriet Harman,HarrietHarman,Camberwell and Peckham,Labour,F,1982-10-28,NA
114,150,2015,Harriet Harman,HarrietHarman,Camberwell and Peckham,Labour,F,1982-10-28,NA
705,4382,2017,Daniel Zeichner,danielzeichner,Cambridge,Labour,M,2015-05-07,NA
706,4382,2015,Daniel Zeichner,danielzeichner,Cambridge,Labour,M,2015-05-07,NA
829,4454,2015,Amanda Milling,amandamilling,Cannock Chase,Conservative,F,2015-05-07,NA
830,4454,2017,Amanda Milling,amandamilling,Cannock Chase,Conservative,F,2015-05-07,NA
1090,77,2015,Julian Brazier,julian_brazier,Canterbury,Conservative,M,1987-06-11,2017-05-03
999,4616,2017,Rosemary Duffield,RosieDuffield1,Canterbury,Labour,F,2017-06-08,NA
779,4425,2017,Joanna Stevens,jostevenslabour,Cardiff Central,Labour,F,2015-05-07,NA
780,4425,2015,Joanna Stevens,jostevenslabour,Cardiff Central,Labour,F,2015-05-07,NA
1012,4632,2017,Anna McMorrin,AnnaMcMorrin,Cardiff North,Labour,F,2017-06-08,NA
642,4264,2017,Stephen Doughty,SDoughtyMP,Cardiff South and Penarth,Labour (Co-op),M,2012-11-15,NA
643,4264,2015,Stephen Doughty,SDoughtyMP,Cardiff South and Penarth,Labour (Co-op),M,2012-11-15,NA
41,1400,2017,Kevin Brennan,KevinBrennanMP,Cardiff West,Labour,M,2001-06-07,NA
42,1400,2015,Kevin Brennan,KevinBrennanMP,Cardiff West,Labour,M,2001-06-07,NA
358,3942,2015,Andrew Stevenson,John4Carlisle,Carlisle,Conservative,M,2010-05-06,NA
359,3942,2017,Andrew Stevenson,John4Carlisle,Carlisle,Conservative,M,2010-05-06,NA
360,3944,2015,Simon Hart,Simonhartmp,Carmarthen West and South Pembrokeshire,Conservative,M,2010-05-06,NA
361,3944,2017,Simon Hart,Simonhartmp,Carmarthen West and South Pembrokeshire,Conservative,M,2010-05-06,NA
123,151,2015,Thomas Brake,thomasbrake,Carshalton and Wallington,Liberal Democrat,M,1997-05-01,2019-11-06
124,151,2017,Thomas Brake,thomasbrake,Carshalton and Wallington,Liberal Democrat,M,1997-05-01,2019-11-06
364,3948,2015,Rebecca  Harris,RebeccaHarrisMP,Castle Point,Conservative,F,2010-05-06,NA
365,3948,2017,Rebecca  Harris,RebeccaHarrisMP,Castle Point,Conservative,F,2010-05-06,NA
710,4385,2017,Philippa Whitford,Dr_PhilippaW,Central Ayrshire,Scottish National Party,F,2015-05-07,NA
711,4385,2015,Philippa Whitford,Dr_PhilippaW,Central Ayrshire,Scottish National Party,F,2015-05-07,NA
350,3935,2015,Melvyn Stride,meljstride,Central Devon,Conservative,M,2010-05-06,NA
351,3935,2017,Melvyn Stride,meljstride,Central Devon,Conservative,M,2010-05-06,NA
1010,4630,2017,Ben Lake,BenMLake,Ceredigion,Plaid Cymru,M,2017-06-08,NA
110,1498,2015,Mark Williams,mark4ceredigion,Ceredigion,Liberal Democrat,M,2005-05-05,2017-05-03
366,3950,2015,Tracey Crouch,tracey_crouch,Chatham and Aylesford,Conservative,F,2010-05-06,NA
367,3950,2017,Tracey Crouch,tracey_crouch,Chatham and Aylesford,Conservative,F,2010-05-06,NA
747,4406,2017,Mary Robinson,maryrobinson01,Cheadle,Conservative,F,2015-05-07,NA
748,4406,2015,Mary Robinson,maryrobinson01,Cheadle,Conservative,F,2015-05-07,NA
1048,4674,2017,Victoria Ford,vickyford,Chelmsford,Conservative,F,2017-06-08,NA
145,1526,2017,Gregory Hands,GregHands,Chelsea and Fulham,Conservative,M,2005-05-05,NA
146,1526,2015,Gregory Hands,GregHands,Chelsea and Fulham,Conservative,M,2005-05-05,NA
875,4481,2017,Alexander Chalk,alexchalkchelt,Cheltenham,Conservative,M,2015-05-07,NA
876,4481,2015,Alexander Chalk,alexchalkchelt,Cheltenham,Conservative,M,2015-05-07,NA
254,18,2017,Cheryl Gillan,CherylGillan,Chesham and Amersham,Conservative,F,1992-04-09,NA
255,18,2015,Cheryl Gillan,CherylGillan,Chesham and Amersham,Conservative,F,1992-04-09,NA
368,3952,2015,Matthew Perkins,tobyperkinsmp,Chesterfield,Labour,M,2010-05-06,NA
369,3952,2017,Matthew Perkins,tobyperkinsmp,Chesterfield,Labour,M,2010-05-06,NA
1054,4680,2017,Gillian Keegan,GillianKeegan,Chichester,Conservative,F,2017-06-08,NA
963,4530,2017,Michelle Donelan,michelledonelan,Chippenham,Conservative,F,2015-05-07,NA
964,4530,2015,Michelle Donelan,michelledonelan,Chippenham,Conservative,F,2015-05-07,NA
43,1405,2017,Mark Field,MarkFieldUK,Cities of London and Westminster,Conservative,M,2001-06-07,2019-11-06
44,1405,2015,Mark Field,MarkFieldUK,Cities of London and Westminster,Conservative,M,2001-06-07,2019-11-06
751,4408,2017,Christian Matheson,chrism4chester,City of Chester,Labour,M,2015-05-07,NA
752,4408,2015,Christian Matheson,chrism4chester,City of Chester,Labour,M,2015-05-07,NA
115,1501,2017,Roberta Blackman-Woods,blackmanwoods,City of Durham,Labour,F,2005-05-05,2019-11-06
116,1501,2015,Roberta Blackman-Woods,blackmanwoods,City of Durham,Labour,F,2005-05-05,2019-11-06
1051,4677,2017,Giles Watling,GilesWatling,Clacton,Conservative,M,2017-06-08,NA
147,1527,2015,John Carswell,DouglasCarswell,Clacton,Independent,M,2014-10-09,2017-05-03
372,3957,2017,Martin Vickers,martinvickers,Cleethorpes,Conservative,M,2010-05-06,NA
373,3957,2015,Martin Vickers,martinvickers,Cleethorpes,Conservative,M,2010-05-06,NA
117,1502,2017,David Jones,DavidJonesMP,Clwyd West,Conservative,M,2005-05-05,NA
118,1502,2015,David Jones,DavidJonesMP,Clwyd West,Conservative,M,2005-05-05,NA
997,4614,2017,Hugh Gaffney,HughGaffneyCCB,"Coatbridge, Chryston and Bellshill",Labour,M,2017-06-08,2019-11-06
714,4388,2015,Philip Boswell,philboswellsnp,"Coatbridge, Chryston and Bellshill",Scottish National Party,M,2015-05-07,2017-05-03
775,4423,2015,William Quince,willquince,Colchester,Conservative,M,2015-05-07,NA
776,4423,2017,William Quince,willquince,Colchester,Conservative,M,2015-05-07,NA
370,3953,2015,Jason McCartney,JasonMcCartney,Colne Valley,Conservative,M,2019-12-12,NA
1025,4649,2017,Thelma Walker,Thelma_DWalker,Colne Valley,Labour,F,2017-06-08,2019-11-06
687,4369,2017,Thomas Pursglove,votepursglove,Corby,Conservative,M,2015-05-07,NA
688,4369,2015,Thomas Pursglove,votepursglove,Corby,Conservative,M,2015-05-07,NA
374,3960,2017,Henry Smith,HenrySmithUK,Crawley,Conservative,M,2010-05-06,NA
375,3960,2015,Henry Smith,HenrySmithUK,Crawley,Conservative,M,2010-05-06,NA
235,1605,2015,Edward Timpson,edwardtimpson,Crewe and Nantwich,Conservative,M,2019-12-12,NA
1024,4648,2017,Laura Smith,LauraSmithCrewe,Crewe and Nantwich,Labour,F,2017-06-08,2019-11-06
371,3955,2015,Gavin Barwell,GavinBarwell,Croydon Central,Conservative,M,2019-10-07,NA
1011,4631,2017,Sarah Jones,LabourSJ,Croydon Central,Labour,F,2017-06-08,NA
646,4268,2017,Steven Reed,SteveReedMP,Croydon North,Labour (Co-op),M,2012-11-29,NA
647,4268,2015,Steven Reed,SteveReedMP,Croydon North,Labour (Co-op),M,2012-11-29,NA
914,4503,2017,Chris Philp,CPhilpOfficial,Croydon South,Conservative,M,2015-05-07,NA
915,4503,2015,Chris Philp,CPhilpOfficial,Croydon South,Conservative,M,2015-05-07,NA
722,4393,2017,Stuart McDonald,stuart_mcdonald,"Cumbernauld, Kilsyth and Kirkintilloch East",Scottish National Party,M,2015-05-07,NA
723,4393,2015,Stuart McDonald,stuart_mcdonald,"Cumbernauld, Kilsyth and Kirkintilloch East",Scottish National Party,M,2015-05-07,NA
1078,553,2015,Ann Clwyd,AnnClwyd,Cynon Valley,Labour,F,1984-05-03,2019-11-06
1079,553,2017,Ann Clwyd,AnnClwyd,Cynon Valley,Labour,F,1984-05-03,2019-11-06
45,1406,2017,Jonathan Cruddas,JonCruddas_1,Dagenham and Rainham,Labour,M,2001-06-07,NA
46,1406,2015,Jonathan Cruddas,JonCruddas_1,Dagenham and Rainham,Labour,M,2001-06-07,NA
381,3972,2015,Jennifer Chapman,JennyChapman,Darlington,Labour,F,2010-05-06,2019-11-06
382,3972,2017,Jennifer Chapman,JennyChapman,Darlington,Labour,F,2010-05-06,2019-11-06
386,3977,2015,Christopher Heaton-Harris,chhcalling,Daventry,Conservative,M,2010-05-06,NA
387,3977,2017,Christopher Heaton-Harris,chhcalling,Daventry,Conservative,M,2010-05-06,NA
1073,533,2017,David Hanson,RTHondavehanson,Delyn,Labour,M,1992-04-09,2019-11-06
1074,533,2015,David Hanson,RTHondavehanson,Delyn,Labour,M,1992-04-09,2019-11-06
119,1506,2015,Andrew Gwynne,GwynneMP,Denton and Reddish,Labour,M,2005-05-05,NA
120,1506,2017,Andrew Gwynne,GwynneMP,Denton and Reddish,Labour,M,2005-05-05,NA
695,4372,2015,Amanda Solloway,ASollowayUK,Derby North,Conservative,F,2019-12-12,NA
385,3976,2017,Christopher Williamson,derbychrisw,Derby North,Independent,M,2017-06-08,2019-11-06
306,333,2015,Patrick McLoughlin,Patrick4Dales,Derbyshire Dales,Conservative,M,2020-09-08,NA
307,333,2017,Patrick McLoughlin,Patrick4Dales,Derbyshire Dales,Conservative,M,2020-09-08,NA
781,4426,2017,Paula Sherriff,paulasherriff,Dewsbury,Labour,F,2015-05-07,2019-11-06
782,4426,2015,Paula Sherriff,paulasherriff,Dewsbury,Labour,F,2015-05-07,2019-11-06
318,389,2015,Caroline Flint,CarolineFlint,Don Valley,Labour,F,1997-05-01,2019-11-06
319,389,2017,Caroline Flint,CarolineFlint,Don Valley,Labour,F,1997-05-01,2019-11-06
125,1510,2017,Edward Miliband,Ed_Miliband,Doncaster North,Labour,M,2005-05-05,NA
126,1510,2015,Edward Miliband,Ed_Miliband,Doncaster North,Labour,M,2005-05-05,NA
127,1511,2017,Ian Austin,LordIanAustin,Dudley North,Non-affiliated,M,2020-09-02,NA
128,1511,2015,Ian Austin,LordIanAustin,Dudley North,Non-affiliated,M,2020-09-02,NA
708,4384,2015,Michael Wood,mikejwood,Dudley South,Conservative,M,2015-05-07,NA
709,4384,2017,Michael Wood,mikejwood,Dudley South,Conservative,M,2015-05-07,NA
926,4510,2015,Helen Hayes,helenhayes_,Dulwich and West Norwood,Labour,F,2015-05-07,NA
927,4510,2017,Helen Hayes,helenhayes_,Dulwich and West Norwood,Labour,F,2015-05-07,NA
713,4387,2015,Richard Arkless,ArklessRichard,Dumfries and Galloway,Scottish National Party,M,2015-05-07,2017-05-03
129,1512,2017,David Mundell,davidmundelldct,"Dumfriesshire, Clydesdale and Tweeddale",Conservative,M,2005-05-05,NA
130,1512,2015,David Mundell,davidmundelldct,"Dumfriesshire, Clydesdale and Tweeddale",Conservative,M,2005-05-05,NA
132,1514,2017,Stewart Hosie,StewartHosieSNP,Dundee East,Scottish National Party,M,2005-05-05,NA
133,1514,2015,Stewart Hosie,StewartHosieSNP,Dundee East,Scottish National Party,M,2005-05-05,NA
742,4403,2015,Christopher Law,chrislawsnp,Dundee West,Scottish National Party,M,2015-05-07,NA
743,4403,2017,Christopher Law,chrislawsnp,Dundee West,Scottish National Party,M,2015-05-07,NA
740,4402,2015,Douglas Chapman,dougchapmansnp,Dunfermline and West Fife,Scottish National Party,M,2015-05-07,NA
741,4402,2017,Douglas Chapman,dougchapmansnp,Dunfermline and West Fife,Scottish National Party,M,2015-05-07,NA
945,4521,2015,Liz Saville Roberts,lsrplaid,Dwyfor Meirionnydd,Plaid Cymru,F,2015-05-07,NA
946,4521,2017,Liz Saville Roberts,lsrplaid,Dwyfor Meirionnydd,Plaid Cymru,F,2015-05-07,NA
928,4511,2015,Rupa Huq,rupahuq,Ealing Central and Acton,Labour,F,2015-05-07,NA
929,4511,2017,Rupa Huq,rupahuq,Ealing Central and Acton,Labour,F,2015-05-07,NA
233,1604,2015,Virendra Sharma,VirendraSharma,"Ealing, Southall",Labour,M,2007-07-19,NA
234,1604,2017,Virendra Sharma,VirendraSharma,"Ealing, Southall",Labour,M,2007-07-19,NA
383,3973,2015,Grahame Morris,grahamemorris,Easington,Labour,M,2010-05-06,NA
384,3973,2017,Grahame Morris,grahamemorris,Easington,Labour,M,2010-05-06,NA
225,1593,2017,Samuel Wilson,eastantrimmp,East Antrim,Democratic Unionist Party,M,2005-05-05,NA
226,1593,2015,Samuel Wilson,eastantrimmp,East Antrim,Democratic Unionist Party,M,2005-05-05,NA
47,1408,2017,Hugo Swire,HugoSwire,East Devon,Conservative,M,2001-06-07,2019-11-06
48,1408,2015,Hugo Swire,HugoSwire,East Devon,Conservative,M,2001-06-07,2019-11-06
764,4415,2015,John Nicolson,mrjohnnicolson,East Dumbartonshire,Scottish National Party,M,2019-12-12,NA
131,1513,2017,Joanne Swinson,joswinson,East Dunbartonshire,Liberal Democrat,F,2017-06-08,2019-11-06
240,163,2017,Stephen Timms,stephenctimms,East Ham,Labour,M,1994-06-09,NA
241,163,2015,Stephen Timms,stephenctimms,East Ham,Labour,M,1994-06-09,NA
379,3969,2017,Damian Hinds,DamianHinds,East Hampshire,Conservative,M,2010-05-06,NA
380,3969,2015,Damian Hinds,DamianHinds,East Hampshire,Conservative,M,2010-05-06,NA
759,4412,2017,Lisa Cameron,DrLisaCameronMP,"East Kilbride, Strathaven and Lesmahagow",Scottish National Party,F,2015-05-07,NA
760,4412,2015,Lisa Cameron,DrLisaCameronMP,"East Kilbride, Strathaven and Lesmahagow",Scottish National Party,F,2015-05-07,NA
765,4416,2015,George Kerevan,georgekerevan,East Lothian,Scottish National Party,M,2015-05-07,2017-05-03
1007,4626,2017,Martin Whitfield,_MWhitfield,East Lothian,Labour,M,2017-06-08,2019-11-06
761,4413,2015,Kirsten Oswald,kirstenoswald,East Renfrewshire,Scottish National Party,F,2019-12-12,NA
1006,4625,2017,Paul Masterton,pmasterton1985,East Renfrewshire,Conservative,M,2017-06-08,2019-11-06
388,3980,2017,Samuel Gyimah,SamGyimah,East Surrey,Liberal Democrat,M,2010-05-06,2019-11-06
389,3980,2015,Samuel Gyimah,SamGyimah,East Surrey,Liberal Democrat,M,2010-05-06,2019-11-06
7,114,2017,Timothy Loughton,timloughton,East Worthing and Shoreham,Conservative,M,1997-05-01,NA
8,114,2015,Timothy Loughton,timloughton,East Worthing and Shoreham,Conservative,M,1997-05-01,NA
18,1200,2015,Gregory Knight,GregKnight,East Yorkshire,Conservative,M,2001-06-07,NA
19,1200,2017,Gregory Knight,GregKnight,East Yorkshire,Conservative,M,2001-06-07,NA
930,4512,2015,Caroline Ansell,caroline_ansell,Eastbourne,Conservative,F,2019-12-12,NA
378,3968,2017,Stephen Lloyd,StephenLloydEBN,Eastbourne,Liberal Democrat,M,2017-06-08,2019-11-06
931,4513,2017,Miriam Davies,mimsdavies,Eastleigh,Conservative,F,2015-05-07,NA
932,4513,2015,Miriam Davies,mimsdavies,Eastleigh,Conservative,F,2015-05-07,NA
920,4506,2015,Antoinette Sherratt (Sandbach),Sandbach,Eddisbury,Liberal Democrat,F,2015-05-07,2019-11-06
921,4506,2017,Antoinette Sherratt (Sandbach),Sandbach,Eddisbury,Liberal Democrat,F,2015-05-07,2019-11-06
827,4453,2017,Thomas Sheppard,tommysheppard,Edinburgh East,Scottish National Party,M,2015-05-07,NA
828,4453,2015,Thomas Sheppard,tommysheppard,Edinburgh East,Scottish National Party,M,2015-05-07,NA
376,3966,2017,Ian Murray,IanMurrayMP,Edinburgh South,Labour,M,2010-05-06,NA
377,3966,2015,Ian Murray,IanMurrayMP,Edinburgh South,Labour,M,2010-05-06,NA
768,4419,2015,Joanna Cherry,joannaccherry,Edinburgh South West,Scottish National Party,F,2015-05-07,NA
769,4419,2017,Joanna Cherry,joannaccherry,Edinburgh South West,Scottish National Party,F,2015-05-07,NA
1014,4634,2017,Christine Jardine,cajardineMP,Edinburgh West,Liberal Democrat,F,2017-06-08,NA
774,4422,2015,Michelle  Thomson,michellethomson,Edinburgh West,Independent,F,2015-05-07,2017-05-03
935,4515,2015,Kate Osamor,kateosamor,Edmonton,Labour (Co-op),F,2015-05-07,NA
936,4515,2017,Kate Osamor,kateosamor,Edmonton,Labour (Co-op),F,2015-05-07,NA
766,4418,2017,Justin Madders,justinmadders,Ellesmere Port and Neston,Labour,M,2015-05-07,NA
767,4418,2015,Justin Madders,justinmadders,Ellesmere Port and Neston,Labour,M,2015-05-07,NA
410,3997,2015,Alec Shelbrooke,AlecShelbrooke,Elmet and Rothwell,Conservative,M,2010-05-06,NA
411,3997,2017,Alec Shelbrooke,AlecShelbrooke,Elmet and Rothwell,Conservative,M,2010-05-06,NA
242,165,2017,Clive Efford,CliveEfford,Eltham,Labour,M,1997-05-01,NA
243,165,2015,Clive Efford,CliveEfford,Eltham,Labour,M,1997-05-01,NA
244,166,2017,Joan Ryan,joanryanenfield,Enfield North,The Independent Group for Change,F,2015-05-07,2019-11-06
245,166,2015,Joan Ryan,joanryanenfield,Enfield North,The Independent Group for Change,F,2015-05-07,2019-11-06
993,4610,2017,Charalambos Charalambous,Bambos_MP,"Enfield, Southgate",Labour,M,2017-06-08,NA
136,1518,2015,David Burrowes,DavidBurrowesUK,"Enfield, Southgate",Conservative,M,2005-05-05,2017-05-03
313,36,2017,Eleanor Laing,eleanor4epping,Epping Forest,Conservative,F,1997-05-01,NA
314,36,2015,Eleanor Laing,eleanor4epping,Epping Forest,Conservative,F,1997-05-01,NA
816,4447,2017,Margaret Throup,maggie_erewash,Erewash,Conservative,F,2015-05-07,NA
817,4447,2015,Margaret Throup,maggie_erewash,Erewash,Conservative,F,2015-05-07,NA
420,4003,2015,Teresa Pearce,tpearce003,Erith and Thamesmead,Labour,F,2010-05-06,2019-11-06
421,4003,2017,Teresa Pearce,tpearce003,Erith and Thamesmead,Labour,F,2010-05-06,2019-11-06
426,4007,2017,Dominic Raab,DominicRaab,Esher and Walton,Conservative,M,2010-05-06,NA
427,4007,2015,Dominic Raab,DominicRaab,Esher and Walton,Conservative,M,2010-05-06,NA
276,230,2015,Benjamin Bradshaw,BenPBradshaw,Exeter,Labour,M,1997-05-01,NA
277,230,2017,Benjamin Bradshaw,BenPBradshaw,Exeter,Labour,M,1997-05-01,NA
777,4424,2015,John McNally,JohnMcNallySNP,Falkirk,Scottish National Party,M,2015-05-07,NA
778,4424,2017,John McNally,JohnMcNallySNP,Falkirk,Scottish National Party,M,2015-05-07,NA
868,4475,2017,Sue-Ellen Braverman,suellabraverman,Fareham,Conservative,F,2015-05-07,NA
869,4475,2015,Sue-Ellen Braverman,suellabraverman,Fareham,Conservative,F,2015-05-07,NA
957,4527,2015,Helen Whately,helen_whately,Faversham and Mid Kent,Conservative,F,2015-05-07,NA
958,4527,2017,Helen Whately,helen_whately,Faversham and Mid Kent,Conservative,F,2015-05-07,NA
638,4253,2017,Seema Malhotra-Saluja,SeemaMalhotra1,Feltham and Heston,Labour (Co-op),F,2011-12-15,NA
639,4253,2015,Seema Malhotra-Saluja,SeemaMalhotra1,Feltham and Heston,Labour (Co-op),F,2011-12-15,NA
49,1416,2017,Michelle Gildernew,gildernewm,Fermanagh and South Tyrone,Sinn Féin,F,2017-06-08,NA
684,4367,2015,Tom Elliott,telliott_uup,Fermanagh and South Tyrone,Ulster Unionist Party,M,2015-05-07,2017-05-03
398,3989,2015,Giacomo Lopresti,JackLopresti,Filton and Bradley Stoke,Conservative,M,2010-05-06,NA
399,3989,2017,Giacomo Lopresti,JackLopresti,Filton and Bradley Stoke,Conservative,M,2010-05-06,NA
394,3986,2015,Damian Collins,DamianCollins,Folkestone and Hythe,Conservative,M,2010-05-06,NA
395,3986,2017,Damian Collins,DamianCollins,Folkestone and Hythe,Conservative,M,2010-05-06,NA
137,1520,2017,Mark Harper,Mark_J_Harper,Forest of Dean,Conservative,M,2005-05-05,NA
138,1520,2015,Mark Harper,Mark_J_Harper,Forest of Dean,Conservative,M,2005-05-05,NA
1005,4624,2017,Elisha McCallion,ElishaMcC_SF,Foyle,Sinn Féin,F,2017-06-08,2019-11-06
227,1594,2015,John Durkan,markdurkan,Foyle,Social Democratic & Labour Party,M,2005-05-05,2017-05-03
311,345,2017,Edward Leigh,EdwardLeighMP,Gainsborough,Conservative,M,1983-06-09,NA
312,345,2015,Edward Leigh,EdwardLeighMP,Gainsborough,Conservative,M,1983-06-09,NA
1065,483,2017,Maria Eagle,meaglemp,Garston and Halewood,Labour,F,1997-05-01,NA
1066,483,2015,Maria Eagle,meaglemp,Garston and Halewood,Labour,F,1997-05-01,NA
418,4000,2017,James Mearns,IanMearnsMP,Gateshead,Labour,M,2010-05-06,NA
419,4000,2015,James Mearns,IanMearnsMP,Gateshead,Labour,M,2010-05-06,NA
315,360,2017,Vernon Coaker,Vernon_Coaker,Gedling,Labour,M,1997-05-01,2019-11-06
316,360,2015,Vernon Coaker,Vernon_Coaker,Gedling,Labour,M,1997-05-01,2019-11-06
396,3987,2017,Atta-Ur-Rehman Chishti,Rehman_Chishti,Gillingham and Rainham,Conservative,M,2010-05-06,NA
397,3987,2015,Atta-Ur-Rehman Chishti,Rehman_Chishti,Gillingham and Rainham,Conservative,M,2010-05-06,NA
786,4430,2017,Alison Thewliss,alisonthewliss,Glasgow Central,Scottish National Party,F,2015-05-07,NA
787,4430,2015,Alison Thewliss,alisonthewliss,Glasgow Central,Scottish National Party,F,2015-05-07,NA
1020,4640,2017,David Linden,DavidLinden,Glasgow East,Scottish National Party,M,2017-06-08,NA
789,4432,2015,Patrick Grady,gradysnp,Glasgow North,Scottish National Party,M,2015-05-07,NA
790,4432,2017,Patrick Grady,gradysnp,Glasgow North,Scottish National Party,M,2015-05-07,NA
799,4437,2015,Elizabeth Anne McLaughlin,annemclaughlin,Glasgow North East,Scottish National Party,F,2019-12-12,NA
1021,4642,2017,Paul Sweeney,PaulJSweeney,Glasgow North East,Labour (Co-op),M,2017-06-08,2019-11-06
809,4443,2017,Carol Monaghan,cmonaghansnp,Glasgow North West,Scottish National Party,F,2015-05-07,NA
810,4443,2015,Carol Monaghan,cmonaghansnp,Glasgow North West,Scottish National Party,F,2015-05-07,NA
841,4461,2017,Stewart McDonald,stewartmcdonald,Glasgow South,Scottish National Party,M,2015-05-07,NA
842,4461,2015,Stewart McDonald,stewartmcdonald,Glasgow South,Scottish National Party,M,2015-05-07,NA
845,4463,2017,Christopher Stephens,ChrisStephens,Glasgow South West,Scottish National Party,M,2015-05-07,NA
846,4463,2015,Christopher Stephens,ChrisStephens,Glasgow South West,Scottish National Party,M,2015-05-07,NA
851,4466,2017,Peter Grant,petergrantmp,Glenrothes,Scottish National Party,M,2015-05-07,NA
852,4466,2015,Peter Grant,petergrantmp,Glenrothes,Scottish National Party,M,2015-05-07,NA
400,3990,2017,Richard Graham,RichardGrahamUK,Gloucester,Conservative,M,2010-05-06,NA
401,3990,2015,Richard Graham,RichardGrahamUK,Gloucester,Conservative,M,2010-05-06,NA
1080,577,2015,Alexander Salmond,alexsalmond,Gordon,Scottish National Party,M,2015-05-07,2017-05-03
1028,4650,2017,Colin Clark,Colin_J_Clark,Gordon,Conservative,M,2017-06-08,2019-11-06
428,4008,2015,Caroline Dinenage,cj_dinenage,Gosport,Conservative,F,2010-05-06,NA
429,4008,2017,Caroline Dinenage,cj_dinenage,Gosport,Conservative,F,2010-05-06,NA
1004,4623,2017,Antonia Antoniazzi,ToniaAntoniazzi,Gower,Labour,F,2017-06-08,NA
908,4499,2015,Byron Davies,Byron_Davies,Gower,Conservative,M,2019-10-10,NA
406,3995,2015,Nicholas Boles,NickBoles,Grantham and Stamford,Independent,M,2010-05-06,2019-11-06
407,3995,2017,Nicholas Boles,NickBoles,Grantham and Stamford,Independent,M,2010-05-06,2019-11-06
847,4464,2017,Melanie Onn,onnmel,Great Grimsby,Labour,F,2015-05-07,2019-11-06
848,4464,2015,Melanie Onn,onnmel,Great Grimsby,Labour,F,2015-05-07,2019-11-06
430,4009,2015,Brandon Lewis,BrandonLewis,Great Yarmouth,Conservative,M,2010-05-06,NA
431,4009,2017,Brandon Lewis,BrandonLewis,Great Yarmouth,Conservative,M,2010-05-06,NA
943,4520,2017,Matthew Pennycook,mtpennycook,Greenwich and Woolwich,Labour,M,2015-05-07,NA
944,4520,2015,Matthew Pennycook,mtpennycook,Greenwich and Woolwich,Labour,M,2015-05-07,NA
141,1523,2015,Anne Milton,AnneMilton,Guildford,Independent,F,2005-05-05,2019-11-06
142,1523,2017,Anne Milton,AnneMilton,Guildford,Independent,F,2005-05-05,2019-11-06
248,172,2017,Diane  Abbott,HackneyAbbott,Hackney North and Stoke Newington,Labour,F,1987-06-11,NA
249,172,2015,Diane  Abbott,HackneyAbbott,Hackney North and Stoke Newington,Labour,F,1987-06-11,NA
143,1524,2017,Margaret Hillier,Meg_HillierMP,Hackney South and Shoreditch,Labour (Co-op),F,2005-05-05,NA
144,1524,2015,Margaret Hillier,Meg_HillierMP,Hackney South and Shoreditch,Labour (Co-op),F,2005-05-05,NA
404,3992,2017,James Morris,JamesMorris,Halesowen and Rowley Regis,Conservative,M,2010-05-06,NA
405,3992,2015,James Morris,JamesMorris,Halesowen and Rowley Regis,Conservative,M,2010-05-06,NA
862,4472,2017,Holly Walker-Lynch,hollylynch5,Halifax,Labour,F,2015-05-07,NA
863,4472,2015,Holly Walker-Lynch,hollylynch5,Halifax,Labour,F,2015-05-07,NA
654,429,2015,John Twigg,DerekTwiggMP,Halton,Labour,M,1997-05-01,NA
655,429,2017,John Twigg,DerekTwiggMP,Halton,Labour,M,1997-05-01,NA
134,1516,2017,Andrew Slaughter,hammersmithandy,Hammersmith,Labour,M,2005-05-05,NA
135,1516,2015,Andrew Slaughter,hammersmithandy,Hammersmith,Labour,M,2005-05-05,NA
939,4518,2015,Tulip Siddiq,tulipsiddiq,Hampstead and Kilburn,Labour,F,2015-05-07,NA
940,4518,2017,Tulip Siddiq,tulipsiddiq,Hampstead and Kilburn,Labour,F,2015-05-07,NA
308,337,2015,Edward Garnier,EdwardGarnier,Harborough,Conservative,M,2018-06-22,NA
1053,4679,2017,Neil O'Brien,NeilDotObrien,Harborough,Conservative,M,2017-06-08,NA
392,3985,2017,Robert Halfon,halfon4harlowMP,Harlow,Conservative,M,2010-05-06,NA
393,3985,2015,Robert Halfon,halfon4harlowMP,Harlow,Conservative,M,2010-05-06,NA
408,3996,2017,Andrew Jones,AJonesMP,Harrogate and Knaresborough,Conservative,M,2010-05-06,NA
409,3996,2015,Andrew Jones,AJonesMP,Harrogate and Knaresborough,Conservative,M,2010-05-06,NA
422,4005,2017,Robert Blackman,BobBlackman,Harrow East,Conservative,M,2010-05-06,NA
423,4005,2015,Robert Blackman,BobBlackman,Harrow East,Conservative,M,2010-05-06,NA
250,177,2015,Gareth Thomas,GarethThomasMP,Harrow West,Labour (Co-op),M,1997-05-01,NA
251,177,2017,Gareth Thomas,GarethThomasMP,Harrow West,Labour (Co-op),M,1997-05-01,NA
86,1478,2015,Iain Wright,Iain_Wright_,Hartlepool,Labour,M,2004-09-30,2017-05-03
414,40,2015,Bernard Jenkin,bernardjenkin,Harwich and North Essex,Conservative,M,1992-04-09,NA
415,40,2017,Bernard Jenkin,bernardjenkin,Harwich and North Essex,Conservative,M,1992-04-09,NA
390,3983,2015,Amber Rudd,AmberRuddUK,Hastings and Rye,Independent,F,2010-05-06,2019-11-06
391,3983,2017,Amber Rudd,AmberRuddUK,Hastings and Rye,Independent,F,2010-05-06,2019-11-06
880,4484,2017,Alan Mak,AlanMakMP,Havant,Conservative,M,2015-05-07,NA
881,4484,2015,Alan Mak,AlanMakMP,Havant,Conservative,M,2015-05-07,NA
252,178,2015,John McDonnell,johnmcdonnellMP,Hayes and Harlington,Labour,M,1997-05-01,NA
253,178,2017,John McDonnell,johnmcdonnellMP,Hayes and Harlington,Labour,M,1997-05-01,NA
784,4429,2017,William Wragg,william_wragg,Hazel Grove,Conservative,M,2015-05-07,NA
785,4429,2015,William Wragg,william_wragg,Hazel Grove,Conservative,M,2015-05-07,NA
557,410,2017,Jon Trickett,jon_trickett,Hemsworth,Labour,M,1996-02-01,NA
558,410,2015,Jon Trickett,jon_trickett,Hemsworth,Labour,M,1996-02-01,NA
424,4006,2015,Matthew Offord,Offord4Hendon,Hendon,Conservative,M,2010-05-06,NA
425,4006,2017,Matthew Offord,Offord4Hendon,Hendon,Conservative,M,2010-05-06,NA
236,1606,2015,John Howell,JHowellUK,Henley,Conservative,M,2008-06-26,NA
237,1606,2017,John Howell,JHowellUK,Henley,Conservative,M,2008-06-26,NA
402,3991,2017,Alexander Norman,Jesse_Norman,Hereford and South Herefordshire,Conservative,M,2010-05-06,NA
403,3991,2015,Alexander Norman,Jesse_Norman,Hereford and South Herefordshire,Conservative,M,2010-05-06,NA
50,1424,2017,Michael Prisk,PriskMark,Hertford and Stortford,Conservative,M,2001-06-07,2019-11-06
51,1424,2015,Michael Prisk,PriskMark,Hertford and Stortford,Conservative,M,2001-06-07,2019-11-06
805,4441,2017,Oliver Dowden,OliverDowden,Hertsmere,Conservative,M,2015-05-07,NA
806,4441,2015,Oliver Dowden,OliverDowden,Hertsmere,Conservative,M,2015-05-07,NA
620,4142,2017,Guy Opperman,GuyOpperman,Hexham,Conservative,M,2010-05-06,NA
621,4142,2015,Guy Opperman,GuyOpperman,Hexham,Conservative,M,2010-05-06,NA
1039,4662,2017,Ruth George,RuthGeorge6,High Peak,Labour,F,2017-06-08,2019-11-06
1019,4639,2017,Abimbola Afolami,BimAfolami,Hitchin and Harpenden,Conservative,M,2017-06-08,NA
1085,68,2015,Peter Lilley,LilleyPeter,Hitchin and Harpenden,Conservative,M,2018-06-18,NA
933,4514,2015,Keir Starmer,keir_starmer,Holborn and St Pancras,Labour,M,2015-05-07,NA
934,4514,2017,Keir Starmer,keir_starmer,Holborn and St Pancras,Labour,M,2015-05-07,NA
1023,4647,2017,Julia Lopez,JuliaLopezMP,Hornchurch and Upminster,Conservative,F,2017-06-08,NA
949,4523,2017,Catherine West,catherinewest1,Hornsey and Wood Green,Labour,F,2015-05-07,NA
950,4523,2015,Catherine West,catherinewest1,Hornsey and Wood Green,Labour,F,2015-05-07,NA
480,4046,2017,Bridget Phillipson,bphillipsonMP,Houghton and Sunderland South,Labour,F,2010-05-06,NA
481,4046,2015,Bridget Phillipson,bphillipsonMP,Houghton and Sunderland South,Labour,F,2010-05-06,NA
918,4505,2015,Peter Kyle,peterkyle,Hove,Labour,M,2015-05-07,NA
919,4505,2017,Peter Kyle,peterkyle,Hove,Labour,M,2015-05-07,NA
573,411,2015,Barry Sheerman,BarrySheerman,Huddersfield,Labour (Co-op),M,1979-05-03,NA
574,411,2017,Barry Sheerman,BarrySheerman,Huddersfield,Labour (Co-op),M,1979-05-03,NA
52,1425,2015,Jonathan Djanogly,JDjanogly,Huntingdon,Conservative,M,2001-06-07,NA
53,1425,2017,Jonathan Djanogly,JDjanogly,Huntingdon,Conservative,M,2001-06-07,NA
412,3999,2015,Graham Jones,GrahamJones_MP,Hyndburn,Labour,M,2010-05-06,2019-11-06
413,3999,2017,Graham Jones,GrahamJones_MP,Hyndburn,Labour,M,2010-05-06,2019-11-06
916,4504,2017,Wesley Streeting,wesstreeting,Ilford North,Labour,M,2015-05-07,NA
917,4504,2015,Wesley Streeting,wesstreeting,Ilford North,Labour,M,2015-05-07,NA
258,184,2015,Michael Gapes,MikeGapes,Ilford South,The Independent Group for Change,M,1992-04-09,2019-11-06
259,184,2017,Michael Gapes,MikeGapes,Ilford South,The Independent Group for Change,M,1992-04-09,2019-11-06
849,4465,2015,Ronald Cowan,ronniecowan,Inverclyde,Scottish National Party,M,2015-05-07,NA
850,4465,2017,Ronald Cowan,ronniecowan,Inverclyde,Scottish National Party,M,2015-05-07,NA
853,4467,2017,Andrew Hendry,drewhendrysnp,"Inverness, Nairn, Badenoch and Strathspey",Scottish National Party,M,2015-05-07,NA
854,4467,2015,Andrew Hendry,drewhendrysnp,"Inverness, Nairn, Badenoch and Strathspey",Scottish National Party,M,2015-05-07,NA
1052,4678,2017,Alexander Martin,sandyofipswich,Ipswich,Labour,M,2017-06-08,2019-11-06
1055,4681,2017,Robert Seely,IoWBobSeely,Isle of Wight,Conservative,M,2017-06-08,NA
260,185,2015,Jeremy Corbyn,jeremycorbyn,Islington North,Independent,M,1983-06-09,NA
261,185,2017,Jeremy Corbyn,jeremycorbyn,Islington North,Independent,M,1983-06-09,NA
154,1536,2015,Emily Thornberry,EmilyThornberry,Islington South and Finsbury,Labour,F,2005-05-05,NA
155,1536,2017,Emily Thornberry,EmilyThornberry,Islington South and Finsbury,Labour,F,2005-05-05,NA
476,4040,2017,Christopher Evans,Chris_EvansMP,Islwyn,Labour (Co-op),M,2010-05-06,NA
477,4040,2015,Christopher Evans,Chris_EvansMP,Islwyn,Labour (Co-op),M,2010-05-06,NA
1057,4683,2017,Emma Dent Coad,emmadentcoad,Kensington,Labour,F,2017-06-08,2019-11-06
913,4502,2015,Victoria Borwick,backborwick,Kensington,Conservative,F,2015-05-07,2017-05-03
858,4470,2015,Alan Brown,alanbrownsnp,Kilmarnock and Loudoun,Scottish National Party,M,2015-05-07,NA
859,4470,2017,Alan Brown,alanbrownsnp,Kilmarnock and Loudoun,Scottish National Party,M,2015-05-07,NA
262,188,2017,Edward Davey,EdwardJDavey,Kingston and Surbiton,Liberal Democrat,M,2017-06-08,NA
460,4030,2017,Karl Turner,KarlTurnerMP,Kingston upon Hull East,Labour,M,2010-05-06,NA
461,4030,2015,Karl Turner,KarlTurnerMP,Kingston upon Hull East,Labour,M,2010-05-06,NA
152,1533,2015,Diana Johnson,DianaJohnsonMP,Kingston upon Hull North,Labour,F,2005-05-05,NA
153,1533,2017,Diana Johnson,DianaJohnsonMP,Kingston upon Hull North,Labour,F,2005-05-05,NA
1022,4645,2017,Emma Hardy,EmmaHardyMP,Kingston upon Hull West and Hessle,Labour,F,2017-06-08,NA
445,4021,2017,Christopher Skidmore,CSkidmoreUK,Kingswood,Conservative,M,2010-05-06,NA
446,4021,2015,Christopher Skidmore,CSkidmoreUK,Kingswood,Conservative,M,2010-05-06,NA
1038,4660,2017,Lesley Laird,LesleyLaird,Kirkcaldy and Cowdenbeath,Labour,F,2017-06-08,2019-11-06
855,4468,2015,William Arthur Roger Mullin,rogmull,Kirkcaldy and Cowdenbeath,Scottish National Party,M,2015-05-07,2017-05-03
1083,650,2015,Jeffrey Donaldson,J_Donaldson_MP,Lagan Valley,Democratic Unionist Party,M,1997-05-01,NA
1084,650,2017,Jeffrey Donaldson,J_Donaldson_MP,Lagan Valley,Democratic Unionist Party,M,1997-05-01,NA
856,4469,2015,Angela Crawley,AngelaCrawley30,Lanark and Hamilton East,Scottish National Party,F,2015-05-07,NA
857,4469,2017,Angela Crawley,AngelaCrawley30,Lanark and Hamilton East,Scottish National Party,F,2015-05-07,NA
797,4436,2017,Catherine Smith,CatSmithMP,Lancaster and Fleetwood,Labour,F,2015-05-07,NA
798,4436,2015,Catherine Smith,CatSmithMP,Lancaster and Fleetwood,Labour,F,2015-05-07,NA
600,413,2015,Hilary Benn,hilarybennmp,Leeds Central,Labour,M,1999-06-10,NA
601,413,2017,Hilary Benn,hilarybennmp,Leeds Central,Labour,M,1999-06-10,NA
896,4493,2015,Richard Burgon,richardburgon,Leeds East,Labour,M,2015-05-07,NA
897,4493,2017,Richard Burgon,richardburgon,Leeds East,Labour,M,2015-05-07,NA
622,415,2015,Fabian Hamilton,FabianLeedsNE,Leeds North East,Labour,M,1997-05-01,NA
623,415,2017,Fabian Hamilton,FabianLeedsNE,Leeds North East,Labour,M,1997-05-01,NA
1036,4658,2017,Alexander Sobel,alexsobel,Leeds North West,Labour (Co-op),M,2017-06-08,NA
160,1540,2015,Gregory Mulholland,GregMulholland1,Leeds North West,Liberal Democrat,M,2005-05-05,2017-05-03
462,4031,2015,Rachel Reeves,RachelReevesMP,Leeds West,Labour,F,2010-05-06,NA
463,4031,2017,Rachel Reeves,RachelReevesMP,Leeds West,Labour,F,2010-05-06,NA
632,4244,2017,Jonathan Ashworth,JonAshworth,Leicester South,Labour (Co-op),M,2011-05-05,NA
633,4244,2015,Jonathan Ashworth,JonAshworth,Leicester South,Labour (Co-op),M,2011-05-05,NA
453,4026,2015,Elizabeth Kendall,leicesterliz,Leicester West,Labour,F,2010-05-06,NA
454,4026,2017,Elizabeth Kendall,leicesterliz,Leicester West,Labour,F,2010-05-06,NA
54,1427,2015,Andrew Burnham,AndyBurnhamGM,Leigh,Labour,M,2001-06-07,2017-05-03
1047,4673,2017,Joanne Platt,JoPlattLeigh,Leigh,Labour (Co-op),F,2017-06-08,2019-11-06
894,4492,2017,Maria Caulfield,mariacaulfield,Lewes,Conservative,F,2015-05-07,NA
895,4492,2015,Maria Caulfield,mariacaulfield,Lewes,Conservative,F,2015-05-07,NA
1001,4620,2017,Eleanor Reeves,elliereeves,Lewisham West and Penge,Labour,F,2017-06-08,NA
892,4491,2017,Victoria Foxcroft,vickyfoxcroft,"Lewisham, Deptford",Labour,F,2015-05-07,NA
893,4491,2015,Victoria Foxcroft,vickyfoxcroft,"Lewisham, Deptford",Labour,F,2015-05-07,NA
256,181,2015,John Cryer,JohnCryerMP,Leyton and Wanstead,Labour,M,2010-05-06,NA
257,181,2017,John Cryer,JohnCryerMP,Leyton and Wanstead,Labour,M,2010-05-06,NA
289,280,2017,Michael Fabricant,Mike_Fabricant,Lichfield,Conservative,M,1992-04-09,NA
290,280,2015,Michael Fabricant,Mike_Fabricant,Lichfield,Conservative,M,1992-04-09,NA
1041,4664,2017,Karen Lee,Karen_karenelee,Lincoln,Labour,F,2017-06-08,2019-11-06
457,4028,2015,Karl McCartney,karlmccartney,Lincoln,Conservative,M,2019-12-12,NA
888,4488,2017,Martyn Day,MartynDaySNP,Linlithgow and East Falkirk,Scottish National Party,M,2015-05-07,NA
889,4488,2015,Martyn Day,MartynDaySNP,Linlithgow and East Falkirk,Scottish National Party,M,2015-05-07,NA
1067,484,2017,Louise Ellman,LouiseEllman,"Liverpool, Riverside",Independent,F,1997-05-01,2019-11-06
1068,484,2015,Louise Ellman,LouiseEllman,"Liverpool, Riverside",Independent,F,1997-05-01,2019-11-06
1029,4651,2017,Daniel Carden,DanCardenMP,"Liverpool, Walton",Labour,M,2017-06-08,NA
470,4035,2015,Steve Rotheram,Steve_Rotheram,"Liverpool, Walton",Labour,M,2010-05-06,2017-05-03
471,4036,2017,Luciana Goldsmith (Berger),lucianaberger,"Liverpool, Wavertree",Liberal Democrat,F,2010-05-06,2019-11-06
472,4036,2015,Luciana Goldsmith (Berger),lucianaberger,"Liverpool, Wavertree",Liberal Democrat,F,2010-05-06,2019-11-06
246,167,2015,Stephen Twigg,StephenTwigg,"Liverpool, West Derby",Labour (Co-op),M,2010-05-06,2019-11-06
247,167,2017,Stephen Twigg,StephenTwigg,"Liverpool, West Derby",Labour (Co-op),M,2010-05-06,2019-11-06
884,4486,2017,Hannah Bardell,hannahb4livimp,Livingston,Scottish National Party,F,2015-05-07,NA
885,4486,2015,Hannah Bardell,hannahb4livimp,Livingston,Scottish National Party,F,2015-05-07,NA
161,1541,2015,Nia Griffith,NiaGriffithMP,Llanelli,Labour,F,2005-05-05,NA
162,1541,2017,Nia Griffith,NiaGriffithMP,Llanelli,Labour,F,2005-05-05,NA
455,4027,2015,Nicky Morgan,NickyMorgan01,Loughborough,Conservative,F,2020-01-06,NA
456,4027,2017,Nicky Morgan,NickyMorgan01,Loughborough,Conservative,F,2020-01-06,NA
163,1542,2015,Philip Dunne,Dunne4Ludlow,Ludlow,Conservative,M,2005-05-05,NA
164,1542,2017,Philip Dunne,Dunne4Ludlow,Ludlow,Conservative,M,2005-05-05,NA
432,4013,2017,Gavin Shuker,gavinshuker,Luton South,Independent,M,2010-05-06,2019-11-06
433,4013,2015,Gavin Shuker,gavinshuker,Luton South,Independent,M,2010-05-06,2019-11-06
466,4033,2015,David Rutley,DavidRutley,Macclesfield,Conservative,M,2010-05-06,NA
467,4033,2017,David Rutley,DavidRutley,Macclesfield,Conservative,M,2010-05-06,NA
1091,8,2017,Theresa May,theresa_may,Maidenhead,Conservative,F,1997-05-01,NA
1092,8,2015,Theresa May,theresa_may,Maidenhead,Conservative,F,1997-05-01,NA
440,4018,2017,Helen Grant,HelenGrantMP,Maidstone and The Weald,Conservative,F,2010-05-06,NA
441,4018,2015,Helen Grant,HelenGrantMP,Maidstone and The Weald,Conservative,F,2010-05-06,NA
468,4034,2015,Yvonne Fovargue,Y_FovargueMP,Makerfield,Labour,F,2010-05-06,NA
469,4034,2017,Yvonne Fovargue,Y_FovargueMP,Makerfield,Labour,F,2010-05-06,NA
320,39,2015,John Whittingdale,jwhittingdale,Maldon,Conservative,M,1992-04-09,NA
321,39,2017,John Whittingdale,jwhittingdale,Maldon,Conservative,M,1992-04-09,NA
640,4263,2017,Lucy Powell,LucyMPowell,Manchester Central,Labour (Co-op),F,2012-11-15,NA
641,4263,2015,Lucy Powell,LucyMPowell,Manchester Central,Labour (Co-op),F,2012-11-15,NA
833,4456,2015,Jeffrey Smith,jeffsmithetc,"Manchester, Withington",Labour,M,2015-05-07,NA
834,4456,2017,Jeffrey Smith,jeffsmithetc,"Manchester, Withington",Labour,M,2015-05-07,NA
1040,4663,2017,Benjamin Bradley,BBradley_Mans,Mansfield,Conservative,M,2017-06-08,NA
911,4501,2017,Gerald Jones,geraldjoneslab,Merthyr Tydfil and Rhymney,Labour,M,2015-05-07,NA
912,4501,2015,Gerald Jones,geraldjoneslab,Merthyr Tydfil and Rhymney,Labour,M,2015-05-07,NA
91,1481,2017,Nadine Dorries,NadineDorries,Mid Bedfordshire,Conservative,F,2005-05-05,NA
92,1481,2015,Nadine Dorries,NadineDorries,Mid Bedfordshire,Conservative,F,2005-05-05,NA
451,4025,2017,Pauline Latham,Pauline_Latham,Mid Derbyshire,Conservative,F,2010-05-06,NA
452,4025,2015,Pauline Latham,Pauline_Latham,Mid Derbyshire,Conservative,F,2010-05-06,NA
904,4497,2015,Michael Tomlinson-Mynors,michael4mdnp,Mid Dorset and North Poole,Conservative,M,2015-05-07,NA
905,4497,2017,Michael Tomlinson-Mynors,michael4mdnp,Mid Dorset and North Poole,Conservative,M,2015-05-07,NA
443,4020,2015,George Freeman,GeorgeFreemanMP,Mid Norfolk,Conservative,M,2010-05-06,NA
444,4020,2017,George Freeman,GeorgeFreemanMP,Mid Norfolk,Conservative,M,2010-05-06,NA
9,116,2017,Nicholas Soames,NSoames,Mid Sussex,Conservative,M,1983-06-09,2019-11-06
10,116,2015,Nicholas Soames,NSoames,Mid Sussex,Conservative,M,1983-06-09,2019-11-06
650,4274,2017,Francis Molloy,FrancieMolloy,Mid Ulster,Sinn Féin,M,2013-03-07,NA
651,4274,2015,Francis Molloy,FrancieMolloy,Mid Ulster,Sinn Féin,M,2013-03-07,NA
749,4407,2017,Nigel Huddleston,huddlestonnigel,Mid Worcestershire,Conservative,M,2015-05-07,NA
750,4407,2015,Nigel Huddleston,huddlestonnigel,Mid Worcestershire,Conservative,M,2015-05-07,NA
648,4269,2015,Andrew McDonald,AndyMcDonaldMP,Middlesbrough,Labour,M,2012-11-29,NA
649,4269,2017,Andrew McDonald,AndyMcDonaldMP,Middlesbrough,Labour,M,2012-11-29,NA
1033,4655,2017,Simon Clarke,SimonClarkeMP,Middlesbrough South and East Cleveland,Conservative,M,2017-06-08,NA
473,4037,2015,Tom Blenkinsop,TomBlenkinsop,Middlesbrough South and East Cleveland,Labour,M,2010-05-06,2017-05-03
1009,4628,2017,Danielle Rowley,DaniRowley,Midlothian,Labour,F,2017-06-08,2019-11-06
877,4482,2015,Owen Thompson,OwenThompson,Midlothian,Scottish National Party,M,2019-12-12,NA
165,1544,2017,Mark Lancaster,MarkLancasterMK,Milton Keynes North,Conservative,M,2020-09-16,NA
166,1544,2015,Mark Lancaster,MarkLancasterMK,Milton Keynes North,Conservative,M,2020-09-16,NA
436,4015,2015,Iain Stewart,iainastewart,Milton Keynes South,Conservative,M,2010-05-06,NA
437,4015,2017,Iain Stewart,iainastewart,Milton Keynes South,Conservative,M,2010-05-06,NA
263,193,2017,Siobhain McDonagh,Siobhain_Mc,Mitcham and Morden,Labour,F,1997-05-01,NA
264,193,2015,Siobhain McDonagh,Siobhain_Mc,Mitcham and Morden,Labour,F,1997-05-01,NA
167,1545,2017,David Davies,davidtcdavies,Monmouth,Conservative,M,2005-05-05,NA
168,1545,2015,David Davies,davidtcdavies,Monmouth,Conservative,M,2005-05-05,NA
800,4438,2015,Alun Craig Williams,craig4monty,Montgomeryshire,Conservative,M,2019-12-12,NA
55,1433,2015,Angus Robertson,AngusRobertson,Moray,Scottish National Party,M,2001-06-07,2017-05-03
1008,4627,2017,Douglas Ross,Douglas4Moray,Moray,Conservative,M,2017-06-08,NA
609,4135,2015,David Morris,davidmorrisml,Morecambe and Lunesdale,Conservative,M,2010-05-06,NA
610,4135,2017,David Morris,davidmorrisml,Morecambe and Lunesdale,Conservative,M,2010-05-06,NA
890,4490,2015,Andrea Jenkyns,andreajenkyns,Morley and Outwood,Conservative,F,2015-05-07,NA
891,4490,2017,Andrea Jenkyns,andreajenkyns,Morley and Outwood,Conservative,F,2015-05-07,NA
803,4440,2017,Marion Fellows,marionfellows,Motherwell and Wishaw,Scottish National Party,F,2015-05-07,NA
804,4440,2015,Marion Fellows,marionfellows,Motherwell and Wishaw,Scottish National Party,F,2015-05-07,NA
169,1546,2017,Angus MacNeil,angusmacneilsnp,Na h-Eileanan an Iar,Scottish National Party,M,2005-05-05,NA
170,1546,2015,Angus MacNeil,angusmacneilsnp,Na h-Eileanan an Iar,Scottish National Party,M,2005-05-05,NA
953,4525,2015,Christina Rees,rees4neath,Neath,Labour (Co-op),F,2015-05-07,NA
954,4525,2017,Christina Rees,rees4neath,Neath,Labour (Co-op),F,2015-05-07,NA
1076,55,2017,Desmond Swayne,DesmondSwayne,New Forest West,Conservative,M,1997-05-01,NA
1077,55,2015,Desmond Swayne,DesmondSwayne,New Forest West,Conservative,M,1997-05-01,NA
661,4320,2017,Robert Jenrick,RobertJenrick,Newark,Conservative,M,2014-06-05,NA
662,4320,2015,Robert Jenrick,RobertJenrick,Newark,Conservative,M,2014-06-05,NA
171,1547,2015,Richard Benyon,RichardHRBenyon,Newbury,Conservative,M,2005-05-05,2019-11-06
172,1547,2017,Richard Benyon,RichardHRBenyon,Newbury,Conservative,M,2005-05-05,2019-11-06
592,4124,2017,Chinyelu Onwurah,ChiOnwurah,Newcastle upon Tyne Central,Labour,F,2010-05-06,NA
593,4124,2015,Chinyelu Onwurah,ChiOnwurah,Newcastle upon Tyne Central,Labour,F,2010-05-06,NA
594,4125,2015,Catherine McKinnell,catmckinnell,Newcastle upon Tyne North,Labour,F,2010-05-06,NA
595,4125,2017,Catherine McKinnell,catmckinnell,Newcastle upon Tyne North,Labour,F,2010-05-06,NA
173,1548,2015,Jessica Morden,jessicamordenmp,Newport East,Labour,F,2005-05-05,NA
174,1548,2017,Jessica Morden,jessicamordenmp,Newport East,Labour,F,2005-05-05,NA
696,4373,2015,Michael Brady,MickeyBradySF,Newry and Armagh,Sinn Féin,M,2015-05-07,NA
697,4373,2017,Michael Brady,MickeyBradySF,Newry and Armagh,Sinn Féin,M,2015-05-07,NA
636,4249,2015,Anne Marie Morris,AnneMarieMorris,Newton Abbot,Conservative,F,2010-05-06,NA
637,4249,2017,Anne Marie Morris,AnneMarieMorris,Newton Abbot,Conservative,F,2010-05-06,NA
624,420,2017,Yvette Cooper,YvetteCooperMP,"Normanton, Pontefract and Castleford",Labour,F,1997-05-01,NA
625,420,2015,Yvette Cooper,YvetteCooperMP,"Normanton, Pontefract and Castleford",Labour,F,1997-05-01,NA
795,4435,2015,Patricia Gibson,PGibsonSNP,North Ayrshire and Arran,Scottish National Party,F,2015-05-07,NA
796,4435,2017,Patricia Gibson,PGibsonSNP,North Ayrshire and Arran,Scottish National Party,F,2015-05-07,NA
902,4496,2017,Scott Mann,ScottMann4NC,North Cornwall,Conservative,M,2015-05-07,NA
903,4496,2015,Scott Mann,ScottMann4NC,North Cornwall,Conservative,M,2015-05-07,NA
951,4524,2017,Peter Heaton-Jones,peternorthdevon,North Devon,Conservative,M,2015-05-07,2019-11-06
952,4524,2015,Peter Heaton-Jones,peternorthdevon,North Devon,Conservative,M,2015-05-07,2019-11-06
898,4494,2017,Simon Hoare,Simon4NDorset,North Dorset,Conservative,M,2015-05-07,NA
899,4494,2015,Simon Hoare,Simon4NDorset,North Dorset,Conservative,M,2015-05-07,NA
56,1438,2017,Kevan Jones,KevanJonesMP,North Durham,Labour,M,2001-06-07,NA
57,1438,2015,Kevan Jones,KevanJonesMP,North Durham,Labour,M,2001-06-07,NA
20,1201,2017,Alistair Burt,AlistairBurtUK,North East Bedfordshire,Conservative,M,2001-06-07,2019-11-06
21,1201,2015,Alistair Burt,AlistairBurtUK,North East Bedfordshire,Conservative,M,2001-06-07,2019-11-06
549,4095,2015,Stephen Barclay,SteveBarclay,North East Cambridgeshire,Conservative,M,2010-05-06,NA
550,4095,2017,Stephen Barclay,SteveBarclay,North East Cambridgeshire,Conservative,M,2010-05-06,NA
1030,4652,2017,Lee Rowley,Lee4NED,North East Derbyshire,Conservative,M,2017-06-08,NA
793,4434,2017,Stephen Gethins,stephengethins,North East Fife,Scottish National Party,M,2015-05-07,2019-11-06
794,4434,2015,Stephen Gethins,stephengethins,North East Fife,Scottish National Party,M,2015-05-07,2019-11-06
906,4498,2017,Ranil Jayawardena,ranil,North East Hampshire,Conservative,M,2015-05-07,NA
907,4498,2015,Ranil Jayawardena,ranil,North East Hampshire,Conservative,M,2015-05-07,NA
1086,69,2017,Oliver Heald,OliverHealdUK,North East Hertfordshire,Conservative,M,1992-04-09,NA
1087,69,2015,Oliver Heald,OliverHealdUK,North East Hertfordshire,Conservative,M,1992-04-09,NA
555,4099,2015,Jacob Rees-Mogg,Jacob_Rees_Mogg,North East Somerset,Conservative,M,2010-05-06,NA
556,4099,2017,Jacob Rees-Mogg,Jacob_Rees_Mogg,North East Somerset,Conservative,M,2010-05-06,NA
58,1439,2017,Norman Lamb,normanlamb,North Norfolk,Liberal Democrat,M,2001-06-07,2019-11-06
59,1439,2015,Norman Lamb,normanlamb,North Norfolk,Liberal Democrat,M,2001-06-07,2019-11-06
287,274,2017,Owen Paterson,OwenPaterson,North Shropshire,Conservative,M,1997-05-01,NA
288,274,2015,Owen Paterson,OwenPaterson,North Shropshire,Conservative,M,1997-05-01,NA
274,223,2015,Liam Fox,LiamFox,North Somerset,Conservative,M,1992-04-09,NA
275,223,2017,Liam Fox,LiamFox,North Somerset,Conservative,M,1992-04-09,NA
563,4105,2015,Justin Tomlinson,JustinTomlinson,North Swindon,Conservative,M,2010-05-06,NA
564,4105,2017,Justin Tomlinson,JustinTomlinson,North Swindon,Conservative,M,2010-05-06,NA
1093,87,2015,Roger Gale,SirRogerGale,North Thanet,Conservative,M,1983-06-09,NA
1094,87,2017,Roger Gale,SirRogerGale,North Thanet,Conservative,M,1983-06-09,NA
924,4509,2017,Craig Tracey,craig4nwarks,North Warwickshire,Conservative,M,2015-05-07,NA
925,4509,2015,Craig Tracey,craig4nwarks,North Warwickshire,Conservative,M,2015-05-07,NA
108,1496,2015,Shailesh Vara,ShaileshVara,North West Cambridgeshire,Conservative,M,2005-05-05,NA
109,1496,2017,Shailesh Vara,ShaileshVara,North West Cambridgeshire,Conservative,M,2005-05-05,NA
1042,4665,2017,Laura Pidcock,LauraPidcock,North West Durham,Labour,F,2017-06-08,2019-11-06
561,4103,2015,Pat Glass,PatMGlass,North West Durham,Labour,F,2010-05-06,2017-05-03
900,4495,2017,Christopher Malthouse,kitmalthouse,North West Hampshire,Conservative,M,2015-05-07,NA
901,4495,2015,Christopher Malthouse,kitmalthouse,North West Hampshire,Conservative,M,2015-05-07,NA
605,4133,2015,Andrew Bridgen,ABridgen,North West Leicestershire,Conservative,M,2010-05-06,NA
606,4133,2017,Andrew Bridgen,ABridgen,North West Leicestershire,Conservative,M,2010-05-06,NA
285,261,2017,James Gray,JGray,North Wiltshire,Conservative,M,1997-05-01,NA
286,261,2015,James Gray,JGray,North Wiltshire,Conservative,M,1997-05-01,NA
580,4116,2015,Michael Ellis,Michael_Ellis1,Northampton North,Conservative,M,2010-05-06,NA
581,4116,2017,Michael Ellis,Michael_Ellis1,Northampton North,Conservative,M,2010-05-06,NA
1037,4659,2017,Andrew Lewer,ALewerMBE,Northampton South,Conservative,M,2017-06-08,NA
788,4431,2015,David Mackintosh,davidmackintosh,Northampton South,Conservative,M,2015-05-07,2017-05-03
238,1609,2015,Chloe Smith,NorwichChloe,Norwich North,Conservative,F,2009-07-23,NA
239,1609,2017,Chloe Smith,NorwichChloe,Norwich North,Conservative,F,2009-07-23,NA
909,4500,2015,Clive Lewis,labourlewis,Norwich South,Labour,M,2015-05-07,NA
910,4500,2017,Clive Lewis,labourlewis,Norwich South,Labour,M,2015-05-07,NA
628,422,2017,Christopher Leslie,ChrisLeslieUK,Nottingham East,The Independent Group for Change,M,2010-05-06,2019-11-06
629,422,2015,Christopher Leslie,ChrisLeslieUK,Nottingham East,The Independent Group for Change,M,2010-05-06,2019-11-06
317,364,2015,Graham Allen,GrahamAllenMPX,Nottingham North,Labour,M,1987-06-11,2017-05-03
458,4029,2017,Lilian Greenwood,LilianGreenwood,Nottingham South,Labour,F,2010-05-06,NA
459,4029,2015,Lilian Greenwood,LilianGreenwood,Nottingham South,Labour,F,2010-05-06,NA
449,4024,2017,Marcus Jones,Marcus4Nuneaton,Nuneaton,Conservative,M,2010-05-06,NA
450,4024,2015,Marcus Jones,Marcus4Nuneaton,Nuneaton,Conservative,M,2010-05-06,NA
1003,4622,2017,Luke Graham,LukeGrahamUK,Ochil and South Perthshire,Conservative,M,2017-06-08,2019-11-06
783,4427,2015,Tasmina Ahmed-Sheikh,TasminaSheikh,Ochil and South Perthshire,Scottish National Party,F,2015-05-07,2017-05-03
150,1530,2015,James Brokenshire,JBrokenshire,Old Bexley and Sidcup,Conservative,M,2005-05-05,NA
151,1530,2017,James Brokenshire,JBrokenshire,Old Bexley and Sidcup,Conservative,M,2005-05-05,NA
626,4212,2017,Deborah Abrahams,Debbie_abrahams,Oldham East and Saddleworth,Labour,F,2011-01-13,NA
627,4212,2015,Deborah Abrahams,Debbie_abrahams,Oldham East and Saddleworth,Labour,F,2011-01-13,NA
969,4569,2015,James McMahon,JimfromOldham,Oldham West and Royton,Labour (Co-op),M,2015-12-03,NA
970,4569,2017,James McMahon,JimfromOldham,Oldham West and Royton,Labour (Co-op),M,2015-12-03,NA
62,1442,2015,Alexander Carmichael,amcarmichaelMP,Orkney and Shetland,Liberal Democrat,M,2001-06-07,NA
63,1442,2017,Alexander Carmichael,amcarmichaelMP,Orkney and Shetland,Liberal Democrat,M,2001-06-07,NA
474,4039,2017,Jo Johnson,JoJohnsonUK,Orpington,Conservative,M,2020-10-12,NA
475,4039,2015,Jo Johnson,JoJohnsonUK,Orpington,Conservative,M,2020-10-12,NA
1035,4657,2017,Anneliese Dodds,AnnelieseDodds,Oxford East,Labour (Co-op),F,2017-06-08,NA
1034,4656,2017,Layla Moran,LaylaMoran,Oxford West and Abingdon,Liberal Democrat,F,2017-06-08,NA
442,4019,2015,Nicola Blackwood,nicolablackwood,Oxford West and Abingdon,Conservative,F,2019-02-01,NA
770,4420,2017,Gavin Newlands,GavNewlandsSNP,Paisley and Renfrewshire North,Scottish National Party,M,2015-05-07,NA
771,4420,2015,Gavin Newlands,GavNewlandsSNP,Paisley and Renfrewshire North,Scottish National Party,M,2015-05-07,NA
772,4421,2017,Mhairi Black,MhairiBlack,Paisley and Renfrewshire South,Scottish National Party,F,2015-05-07,NA
773,4421,2015,Mhairi Black,MhairiBlack,Paisley and Renfrewshire South,Scottish National Party,F,2015-05-07,NA
478,4044,2017,Andrew Stephenson,Andrew4Pendle,Pendle,Conservative,M,2010-05-06,NA
479,4044,2015,Andrew Stephenson,Andrew4Pendle,Pendle,Conservative,M,2010-05-06,NA
187,1564,2015,Angela Smith,angelasmithmp,Penistone and Stocksbridge,Liberal Democrat,F,2005-05-05,2019-11-06
188,1564,2017,Angela Smith,angelasmithmp,Penistone and Stocksbridge,Liberal Democrat,F,2005-05-05,2019-11-06
613,4137,2017,Roderick Stewart,RoryStewartUK,Penrith and The Border,Independent,M,2010-05-06,2019-11-06
614,4137,2015,Roderick Stewart,RoryStewartUK,Penrith and The Border,Independent,M,2010-05-06,2019-11-06
60,1440,2017,Peter Wishart,PeteWishart,Perth and North Perthshire,Scottish National Party,M,2001-06-07,NA
61,1440,2015,Peter Wishart,PeteWishart,Perth and North Perthshire,Scottish National Party,M,2001-06-07,NA
882,4485,2015,John Mercer,JohnnyMercerUK,"Plymouth, Moor View",Conservative,M,2015-05-07,NA
883,4485,2017,John Mercer,JohnnyMercerUK,"Plymouth, Moor View",Conservative,M,2015-05-07,NA
1056,4682,2017,Luke Pollard,LukePollard,"Plymouth, Sutton and Devonport",Labour (Co-op),M,2017-06-08,NA
447,4022,2015,Oliver Colvile,olivercolvile,"Plymouth, Sutton and Devonport",Conservative,M,2010-05-06,2017-05-03
280,245,2017,Robert Syms,RobertSyms,Poole,Conservative,M,1997-05-01,NA
281,245,2015,Robert Syms,RobertSyms,Poole,Conservative,M,1997-05-01,NA
265,197,2015,James Fitzpatrick,Fitz_xMP,Poplar and Limehouse,Labour,M,1997-05-01,2019-11-06
266,197,2017,James Fitzpatrick,Fitz_xMP,Poplar and Limehouse,Labour,M,1997-05-01,2019-11-06
438,4017,2017,Penelope Mordaunt,PennyMordaunt,Portsmouth North,Conservative,F,2010-05-06,NA
439,4017,2015,Penelope Mordaunt,PennyMordaunt,Portsmouth North,Conservative,F,2010-05-06,NA
1031,4653,2017,Stephen Morgan,StephenMorganMP,Portsmouth South,Labour,M,2017-06-08,NA
177,1554,2015,Stephen Crabb,SCrabbPembs,Preseli Pembrokeshire,Conservative,M,2005-05-05,NA
178,1554,2017,Stephen Crabb,SCrabbPembs,Preseli Pembrokeshire,Conservative,M,2005-05-05,NA
1059,473,2015,Mark Hendrick,MpHendrick,Preston,Labour (Co-op),M,2000-11-23,NA
1060,473,2017,Mark Hendrick,MpHendrick,Preston,Labour (Co-op),M,2000-11-23,NA
464,4032,2017,Stuart Andrew,StuartAndrew,Pudsey,Conservative,M,2010-05-06,NA
465,4032,2015,Stuart Andrew,StuartAndrew,Pudsey,Conservative,M,2010-05-06,NA
179,1555,2015,Justine Greening,JustineGreening,Putney,Independent,F,2005-05-05,2019-11-06
180,1555,2017,Justine Greening,JustineGreening,Putney,Independent,F,2005-05-05,2019-11-06
1032,4654,2017,Mathew Rodda,MattRodda,Reading East,Labour,M,2017-06-08,NA
181,1556,2015,Robert Wilson,RobWilson_RDG,Reading East,Conservative,M,2005-05-05,2017-05-03
434,4014,2015,Alok Sharma,AlokSharma_RDG,Reading West,Conservative,M,2010-05-06,NA
435,4014,2017,Alok Sharma,AlokSharma_RDG,Reading West,Conservative,M,2010-05-06,NA
819,4449,2017,Anna Turley,annaturley,Redcar,Labour (Co-op),F,2015-05-07,2019-11-06
820,4449,2015,Anna Turley,annaturley,Redcar,Labour (Co-op),F,2015-05-07,2019-11-06
448,4023,2015,Karen Lumley,tell_karen,Redditch,Conservative,F,2010-05-06,2017-05-03
1044,4668,2017,Rachel Maclean,redditchrachel,Redditch,Conservative,F,2017-06-08,NA
1,104,2017,Crispin Blunt,CrispinBlunt,Reigate,Conservative,M,1997-05-01,NA
2,104,2015,Crispin Blunt,CrispinBlunt,Reigate,Conservative,M,1997-05-01,NA
64,1446,2015,Christopher Bryant,RhonddaBryant,Rhondda,Labour,M,2001-06-07,NA
65,1446,2017,Christopher Bryant,RhonddaBryant,Rhondda,Labour,M,2001-06-07,NA
1061,474,2015,Nigel Evans,nigelmp,Ribble Valley,Conservative,M,1992-04-09,NA
1062,474,2017,Nigel Evans,nigelmp,Ribble Valley,Conservative,M,1992-04-09,NA
878,4483,2017,Rishi Sunak,RishiSunak,Richmond (Yorks),Conservative,M,2015-05-07,NA
879,4483,2015,Rishi Sunak,RishiSunak,Richmond (Yorks),Conservative,M,2015-05-07,NA
503,4062,2017,Zac Goldsmith,ZacGoldsmith,Richmond Park,Conservative,M,2020-01-07,NA
504,4062,2015,Zac Goldsmith,ZacGoldsmith,Richmond Park,Conservative,M,2020-01-07,NA
498,4059,2015,Simon  Danczuk,SimonDanczuk,Rochdale,Independent,M,2010-05-06,2017-05-03
886,4487,2017,Kelly Tolhurst,kellytolhurst,Rochester and Strood,Conservative,F,2015-05-07,NA
887,4487,2015,Kelly Tolhurst,kellytolhurst,Rochester and Strood,Conservative,F,2015-05-07,NA
182,1559,2015,James Duddridge,JamesDuddridge,Rochford and Southend East,Conservative,M,2005-05-05,NA
183,1559,2017,James Duddridge,JamesDuddridge,Rochford and Southend East,Conservative,M,2005-05-05,NA
66,1447,2017,Andrew Rosindell,AndrewRosindell,Romford,Conservative,M,2001-06-07,NA
67,1447,2015,Andrew Rosindell,AndrewRosindell,Romford,Conservative,M,2001-06-07,NA
482,4048,2015,Caroline Nokes,carolinenokes,Romsey and Southampton North,Conservative,F,2010-05-06,NA
483,4048,2017,Caroline Nokes,carolinenokes,Romsey and Southampton North,Conservative,F,2010-05-06,NA
717,4390,2017,Ian Blackford,Ianblackford_MP,"Ross, Skye and Lochaber",Scottish National Party,M,2015-05-07,NA
718,4390,2015,Ian Blackford,Ianblackford_MP,"Ross, Skye and Lochaber",Scottish National Party,M,2015-05-07,NA
499,4060,2015,James Berry,jakeberry,Rossendale and Darwen,Conservative,M,2010-05-06,NA
500,4060,2017,James Berry,jakeberry,Rossendale and Darwen,Conservative,M,2010-05-06,NA
335,392,2015,Kevin Barron,KevinJBarron,Rother Valley,Labour,M,1983-06-09,2019-11-06
336,392,2017,Kevin Barron,KevinJBarron,Rother Valley,Labour,M,1983-06-09,2019-11-06
644,4267,2015,Sarah Champion,SarahChampionMP,Rotherham,Labour,F,2012-11-29,NA
645,4267,2017,Sarah Champion,SarahChampionMP,Rotherham,Labour,F,2012-11-29,NA
486,4052,2015,Mark Pawsey,MarkPawsey,Rugby,Conservative,M,2010-05-06,NA
487,4052,2017,Mark Pawsey,MarkPawsey,Rugby,Conservative,M,2010-05-06,NA
184,1561,2015,Nicholas Hurd,NickHurdUK,"Ruislip, Northwood and Pinner",Conservative,M,2005-05-05,2019-11-06
185,1561,2017,Nicholas Hurd,NickHurdUK,"Ruislip, Northwood and Pinner",Conservative,M,2005-05-05,2019-11-06
3,105,2015,Philip Hammond,PhilipHammondUK,Runnymede and Weybridge,Conservative,M,2020-09-30,NA
4,105,2017,Philip Hammond,PhilipHammondUK,Runnymede and Weybridge,Conservative,M,2020-09-30,NA
1046,4672,2017,Gerard Killen,Gedk,Rutherglen and Hamilton West,Labour (Co-op),M,2017-06-08,2019-11-06
712,4386,2015,Margaret Ferrier,MargaretFerrier,Rutherglen and Hamilton West,Independent,F,2019-12-12,NA
309,343,2015,Alan Duncan,SirAlanDuncan,Rutland and Melton,Conservative,M,1992-04-09,2019-11-06
310,343,2017,Alan Duncan,SirAlanDuncan,Rutland and Melton,Conservative,M,1992-04-09,2019-11-06
656,43,2015,Alan Haselhurst,Alan_Haselhurst,Saffron Walden,Conservative,M,2018-06-22,NA
983,4597,2017,Olukemi Badenoch,KemiBadenoch,Saffron Walden,Conservative,F,2017-06-08,NA
728,4396,2017,Rebecca Long-Bailey,RLong_Bailey,Salford and Eccles,Labour,F,2015-05-07,NA
729,4396,2015,Rebecca Long-Bailey,RLong_Bailey,Salford and Eccles,Labour,F,2015-05-07,NA
484,4051,2017,John Glen,JohnGlenUK,Salisbury,Conservative,M,2010-05-06,NA
485,4051,2015,John Glen,JohnGlenUK,Salisbury,Conservative,M,2010-05-06,NA
492,4056,2015,Nicholas Dakin,NicDakin55,Scunthorpe,Labour,M,2010-05-06,2019-11-06
493,4056,2017,Nicholas Dakin,NicDakin55,Scunthorpe,Labour,M,2010-05-06,2019-11-06
231,1603,2017,Philip Wilson,PhilWilsonXMP,Sedgefield,Labour,M,2007-07-19,2019-11-06
232,1603,2015,Philip Wilson,PhilWilsonXMP,Sedgefield,Labour,M,2007-07-19,2019-11-06
501,4061,2017,William Esterson,Bill_Esterson,Sefton Central,Labour,M,2010-05-06,NA
502,4061,2015,William Esterson,Bill_Esterson,Sefton Central,Labour,M,2010-05-06,NA
494,4057,2015,Nigel Adams,nadams,Selby and Ainsty,Conservative,M,2010-05-06,NA
495,4057,2017,Nigel Adams,nadams,Selby and Ainsty,Conservative,M,2010-05-06,NA
496,4058,2017,Paul Blomfield,PaulBlomfieldMP,Sheffield Central,Labour,M,2010-05-06,NA
497,4058,2015,Paul Blomfield,PaulBlomfieldMP,Sheffield Central,Labour,M,2010-05-06,NA
971,4571,2015,Gillian Furniss,gillfurnissmp,"Sheffield, Brightside and Hillsborough",Labour,F,2016-05-05,NA
972,4571,2017,Gillian Furniss,gillfurnissmp,"Sheffield, Brightside and Hillsborough",Labour,F,2016-05-05,NA
186,1563,2015,Nicholas Clegg,nick_clegg,"Sheffield, Hallam",Liberal Democrat,M,2005-05-05,2017-05-03
864,4473,2017,Louise Haigh,louhaigh,"Sheffield, Heeley",Labour,F,2015-05-07,NA
865,4473,2015,Louise Haigh,louhaigh,"Sheffield, Heeley",Labour,F,2015-05-07,NA
490,4055,2015,Mark Spencer,Mark_Spencer,Sherwood,Conservative,M,2010-05-06,NA
491,4055,2017,Mark Spencer,Mark_Spencer,Sherwood,Conservative,M,2010-05-06,NA
189,1565,2015,Philip Davies,philipdaviesuk,Shipley,Conservative,M,2005-05-05,NA
190,1565,2017,Philip Davies,philipdaviesuk,Shipley,Conservative,M,2005-05-05,NA
191,1566,2015,Daniel Kawczynski,DKShrewsbury,Shrewsbury and Atcham,Conservative,M,2005-05-05,NA
192,1566,2017,Daniel Kawczynski,DKShrewsbury,Shrewsbury and Atcham,Conservative,M,2005-05-05,NA
584,4118,2015,Julian Smith,JulianSmithuk,Skipton and Ripon,Conservative,M,2010-05-06,NA
585,4118,2017,Julian Smith,JulianSmithuk,Skipton and Ripon,Conservative,M,2010-05-06,NA
17,12,2015,Fiona Mactaggart,fionamac2017,Slough,Labour,F,1997-05-01,2017-05-03
1018,4638,2017,Tanmanjeet Dhesi,TanDhesi,Slough,Labour,M,2017-06-08,NA
755,4410,2015,Julian Knight,julianknight15,Solihull,Conservative,M,2015-05-07,NA
756,4410,2017,Julian Knight,julianknight15,Solihull,Conservative,M,2015-05-07,NA
955,4526,2015,David Warburton,djwarburton,Somerton and Frome,Conservative,M,2015-05-07,NA
956,4526,2017,David Warburton,djwarburton,Somerton and Frome,Conservative,M,2015-05-07,NA
704,4381,2015,Danny Kinahan,ddebk,South Antrim,Ulster Unionist Party,M,2015-05-07,2017-05-03
1013,4633,2017,William Girvan,PaulGirvanMP,South Antrim,Democratic Unionist Party,M,2017-06-08,NA
545,4092,2015,Stephen Metcalfe,Metcalfe_SBET,South Basildon and East Thurrock,Conservative,M,2010-05-06,NA
546,4092,2017,Stephen Metcalfe,Metcalfe_SBET,South Basildon and East Thurrock,Conservative,M,2010-05-06,NA
937,4516,2015,Heidi-Suzanne Allen,heidiallen75,South Cambridgeshire,Liberal Democrat,F,2015-05-07,2019-11-06
938,4516,2017,Heidi-Suzanne Allen,heidiallen75,South Cambridgeshire,Liberal Democrat,F,2015-05-07,2019-11-06
488,4053,2017,Heather Wheeler,HeatherWheeler,South Derbyshire,Conservative,F,2010-05-06,NA
489,4053,2015,Heather Wheeler,HeatherWheeler,South Derbyshire,Conservative,F,2010-05-06,NA
1016,4636,2017,Christopher Hazzard,ChrisHazzardSF,South Down,Sinn Féin,M,2017-06-08,NA
602,4130,2015,Margaret Ritchie,MRitchieSD,South Down,Non-affiliated,F,2019-10-16,NA
559,4100,2017,Sheryll Murray,sheryllmurray,South East Cornwall,Conservative,F,2010-05-06,NA
560,4100,2015,Sheryll Murray,sheryllmurray,South East Cornwall,Conservative,F,2010-05-06,NA
801,4439,2017,Alberto Costa,albertocostamp,South Leicestershire,Conservative,M,2015-05-07,NA
802,4439,2015,Alberto Costa,albertocostamp,South Leicestershire,Conservative,M,2015-05-07,NA
68,1451,2017,Richard Bacon,richardbaconmp,South Norfolk,Conservative,M,2001-06-07,NA
69,1451,2015,Richard Bacon,richardbaconmp,South Norfolk,Conservative,M,2001-06-07,NA
582,4117,2017,Andrea Leadsom,andrealeadsom,South Northamptonshire,Conservative,F,2010-05-06,NA
583,4117,2015,Andrea Leadsom,andrealeadsom,South Northamptonshire,Conservative,F,2010-05-06,NA
831,4455,2015,Seema Kennedy,seemakennedy,South Ribble,Conservative,F,2015-05-07,2019-11-06
832,4455,2017,Seema Kennedy,seemakennedy,South Ribble,Conservative,F,2015-05-07,2019-11-06
652,4277,2015,Emma Lewell-Buck,EmmaLewellBuck,South Shields,Labour,F,2013-05-02,NA
653,4277,2017,Emma Lewell-Buck,EmmaLewellBuck,South Shields,Labour,F,2013-05-02,NA
569,4108,2015,Gavin Williamson,GavinWilliamson,South Staffordshire,Conservative,M,2010-05-06,NA
570,4108,2017,Gavin Williamson,GavinWilliamson,South Staffordshire,Conservative,M,2010-05-06,NA
941,4519,2017,James Cartlidge,jc4southsuffolk,South Suffolk,Conservative,M,2015-05-07,NA
942,4519,2015,James Cartlidge,jc4southsuffolk,South Suffolk,Conservative,M,2015-05-07,NA
565,4106,2015,Robert Buckland,RobertBuckland,South Swindon,Conservative,M,2010-05-06,NA
566,4106,2017,Robert Buckland,RobertBuckland,South Swindon,Conservative,M,2010-05-06,NA
961,4529,2015,Craig Mackinlay,cmackinlay,South Thanet,Conservative,M,2015-05-07,NA
962,4529,2017,Craig Mackinlay,cmackinlay,South Thanet,Conservative,M,2015-05-07,NA
70,1453,2015,Andrew Selous,AndrewSelous,South West Bedfordshire,Conservative,M,2001-06-07,NA
71,1453,2017,Andrew Selous,AndrewSelous,South West Bedfordshire,Conservative,M,2001-06-07,NA
278,234,2015,Gary Streeter,garystreeterSWD,South West Devon,Conservative,M,1992-04-09,NA
279,234,2017,Gary Streeter,garystreeterSWD,South West Devon,Conservative,M,1992-04-09,NA
148,1529,2017,David Gauke,DavidGauke,South West Hertfordshire,Independent,M,2005-05-05,2019-11-06
149,1529,2015,David Gauke,DavidGauke,South West Hertfordshire,Independent,M,2005-05-05,2019-11-06
551,4097,2015,Elizabeth Truss,trussliz,South West Norfolk,Conservative,F,2010-05-06,NA
552,4097,2017,Elizabeth Truss,trussliz,South West Norfolk,Conservative,F,2010-05-06,NA
196,1572,2015,Jeremy Hunt,Jeremy_Hunt,South West Surrey,Conservative,M,2005-05-05,NA
197,1572,2017,Jeremy Hunt,Jeremy_Hunt,South West Surrey,Conservative,M,2005-05-05,NA
78,1466,2017,Andrew Murrison,AWMurrison,South West Wiltshire,Conservative,M,2001-06-07,NA
79,1466,2015,Andrew Murrison,AWMurrison,South West Wiltshire,Conservative,M,2001-06-07,NA
871,4478,2017,Royston Smith,royston_smith,"Southampton, Itchen",Conservative,M,2015-05-07,NA
872,4478,2015,Royston Smith,royston_smith,"Southampton, Itchen",Conservative,M,2015-05-07,NA
1081,62,2017,Alan Whitehead,alanwhiteheadmp,"Southampton, Test",Labour,M,1997-05-01,NA
1082,62,2015,Alan Whitehead,alanwhiteheadmp,"Southampton, Test",Labour,M,1997-05-01,NA
734,44,2017,David Amess,amessd_southend,Southend West,Conservative,M,1983-06-09,NA
735,44,2015,David Amess,amessd_southend,Southend West,Conservative,M,1983-06-09,NA
72,1454,2015,John Pugh,johnpugh2017,Southport,Liberal Democrat,M,2001-06-07,2017-05-03
607,4134,2015,Kwasi Kwarteng,KwasiKwarteng,Spelthorne,Conservative,M,2010-05-06,NA
608,4134,2017,Kwasi Kwarteng,KwasiKwarteng,Spelthorne,Conservative,M,2010-05-06,NA
825,4452,2017,Stephen Double,stevedouble,St Austell and Newquay,Conservative,M,2015-05-07,NA
826,4452,2015,Stephen Double,stevedouble,St Austell and Newquay,Conservative,M,2015-05-07,NA
837,4458,2017,Conor McGinn,conormcginn,St Helens North,Labour,M,2015-05-07,NA
838,4458,2015,Conor McGinn,conormcginn,St Helens North,Labour,M,2015-05-07,NA
835,4457,2015,Marie Rimmer,MarieRimmer,St Helens South and Whiston,Labour,F,2015-05-07,NA
836,4457,2017,Marie Rimmer,MarieRimmer,St Helens South and Whiston,Labour,F,2015-05-07,NA
967,4532,2017,Derek Thomas,DerekThomasUK,St Ives,Conservative,M,2015-05-07,NA
968,4532,2015,Derek Thomas,DerekThomasUK,St Ives,Conservative,M,2015-05-07,NA
571,4109,2015,Jeremy Lefroy,jeremylefroy,Stafford,Conservative,M,2010-05-06,2019-11-06
572,4109,2017,Jeremy Lefroy,jeremylefroy,Stafford,Conservative,M,2010-05-06,2019-11-06
586,4119,2017,Jonathan Reynolds,jreynoldsMP,Stalybridge and Hyde,Labour (Co-op),M,2010-05-06,NA
587,4119,2015,Jonathan Reynolds,jreynoldsMP,Stalybridge and Hyde,Labour (Co-op),M,2010-05-06,NA
547,4093,2015,Stephen McPartland,SMcPartland,Stevenage,Conservative,M,2010-05-06,NA
548,4093,2017,Stephen McPartland,SMcPartland,Stevenage,Conservative,M,2010-05-06,NA
721,4392,2015,Steven Paterson,steven4stirling,Stirling,Scottish National Party,M,2015-05-07,2017-05-03
977,458,2017,Ann Coffey,AnnCoffey,Stockport,The Independent Group for Change,F,1992-04-09,2019-11-06
978,458,2015,Ann Coffey,AnnCoffey,Stockport,The Independent Group for Change,F,1992-04-09,2019-11-06
590,4122,2017,Alexander Cunningham,ACunninghamMP,Stockton North,Labour,M,2010-05-06,NA
591,4122,2015,Alexander Cunningham,ACunninghamMP,Stockton North,Labour,M,2010-05-06,NA
922,4508,2015,Ruth Smeeth,ruthsmeeth,Stoke-on-Trent North,Labour,F,2015-05-07,2019-11-06
923,4508,2017,Ruth Smeeth,ruthsmeeth,Stoke-on-Trent North,Labour,F,2015-05-07,2019-11-06
193,1569,2015,Robert Flello,RobertFlello,Stoke-on-Trent South,Labour,M,2005-05-05,2017-05-03
291,288,2015,William Cash,BillCashMP,Stone,Conservative,M,1984-05-03,NA
292,288,2017,William Cash,BillCashMP,Stone,Conservative,M,1984-05-03,NA
578,4115,2015,Margot James,margot_james_,Stourbridge,Conservative,F,2010-05-06,2019-11-06
579,4115,2017,Margot James,margot_james_,Stourbridge,Conservative,F,2010-05-06,2019-11-06
603,4131,2017,Richard Shannon,jimshannonmp,Strangford,Democratic Unionist Party,M,2010-05-06,NA
604,4131,2015,Richard Shannon,jimshannonmp,Strangford,Democratic Unionist Party,M,2010-05-06,NA
575,4113,2015,Nadhim Zahawi,nadhimzahawi,Stratford-on-Avon,Conservative,M,2010-05-06,NA
576,4113,2017,Nadhim Zahawi,nadhimzahawi,Stratford-on-Avon,Conservative,M,2010-05-06,NA
598,4128,2015,Chuka Umunna,ChukaUmunna,Streatham,Liberal Democrat,M,2010-05-06,2019-11-06
599,4128,2017,Chuka Umunna,ChukaUmunna,Streatham,Liberal Democrat,M,2010-05-06,2019-11-06
588,4120,2017,Katherine Green,KateGreenSU,Stretford and Urmston,Labour,F,2010-05-06,NA
589,4120,2015,Katherine Green,KateGreenSU,Stretford and Urmston,Labour,F,2010-05-06,NA
282,252,2017,David Drew,DavidEDrew,Stroud,Labour (Co-op),M,2017-06-08,2019-11-06
562,4104,2015,Neil Carmichael,carmichaelneil_,Stroud,Conservative,M,2010-05-06,2017-05-03
553,4098,2017,Thérèse Coffey,theresecoffey,Suffolk Coastal,Conservative,F,2010-05-06,NA
554,4098,2015,Thérèse Coffey,theresecoffey,Suffolk Coastal,Conservative,F,2010-05-06,NA
596,4127,2017,Julie  Elliott,JulieElliottMP,Sunderland Central,Labour,F,2010-05-06,NA
597,4127,2015,Julie  Elliott,JulieElliottMP,Sunderland Central,Labour,F,2010-05-06,NA
194,1571,2017,Michael Gove,michaelgove,Surrey Heath,Conservative,M,2005-05-05,NA
195,1571,2015,Michael Gove,michaelgove,Surrey Heath,Conservative,M,2005-05-05,NA
762,4414,2017,Paul Scully,scullyp,Sutton and Cheam,Conservative,M,2015-05-07,NA
763,4414,2015,Paul Scully,scullyp,Sutton and Cheam,Conservative,M,2015-05-07,NA
873,4480,2017,Carolyn Harris,carolynharris24,Swansea East,Labour,F,2015-05-07,NA
874,4480,2015,Carolyn Harris,carolynharris24,Swansea East,Labour,F,2015-05-07,NA
175,155,2015,Geraint Davies,GeraintDaviesMP,Swansea West,Labour (Co-op),M,2010-05-06,NA
176,155,2017,Geraint Davies,GeraintDaviesMP,Swansea West,Labour (Co-op),M,2010-05-06,NA
525,4075,2015,Christopher Pincher,ChrisPincher,Tamworth,Conservative,M,2010-05-06,NA
526,4075,2017,Christopher Pincher,ChrisPincher,Tamworth,Conservative,M,2010-05-06,NA
536,4084,2017,Esther McVey,EstherMcVey1,Tatton,Conservative,F,2017-06-08,NA
73,1458,2015,George Osborne,George_Osborne,Tatton,Conservative,M,2001-06-07,2017-05-03
947,4522,2017,Rebecca Clark (Pow),pow_rebecca,Taunton Deane,Conservative,F,2015-05-07,NA
948,4522,2015,Rebecca Clark (Pow),pow_rebecca,Taunton Deane,Conservative,F,2015-05-07,NA
757,4411,2015,Lucy Allan,lucyallan,Telford,Conservative,F,2015-05-07,NA
758,4411,2017,Lucy Allan,lucyallan,Telford,Conservative,F,2015-05-07,NA
283,253,2015,Laurence Robertson,lrobertsonTewks,Tewkesbury,Conservative,M,1997-05-01,NA
284,253,2017,Laurence Robertson,lrobertsonTewks,Tewkesbury,Conservative,M,1997-05-01,NA
198,1576,2015,Mark Pritchard,MPritchardUK,The Wrekin,Conservative,M,2005-05-05,NA
199,1576,2017,Mark Pritchard,MPritchardUK,The Wrekin,Conservative,M,2005-05-05,NA
866,4474,2017,Kevin Hollinrake,kevinhollinrake,Thirsk and Malton,Conservative,M,2015-05-07,NA
867,4474,2015,Kevin Hollinrake,kevinhollinrake,Thirsk and Malton,Conservative,M,2015-05-07,NA
821,4450,2015,Luke Hall,LukeHall,Thornbury and Yate,Conservative,M,2015-05-07,NA
822,4450,2017,Luke Hall,LukeHall,Thornbury and Yate,Conservative,M,2015-05-07,NA
507,4065,2017,Jacqueline Doyle-Price,JACKIEDP,Thurrock,Conservative,F,2010-05-06,NA
508,4065,2015,Jacqueline Doyle-Price,JACKIEDP,Thurrock,Conservative,F,2010-05-06,NA
519,4072,2017,Neil Parish,neil_parish,Tiverton and Honiton,Conservative,M,2010-05-06,NA
520,4072,2015,Neil Parish,neil_parish,Tiverton and Honiton,Conservative,M,2010-05-06,NA
843,4462,2015,Thomas Tugendhat,tomtugendhat,Tonbridge and Malling,Conservative,M,2015-05-07,NA
844,4462,2017,Thomas Tugendhat,tomtugendhat,Tonbridge and Malling,Conservative,M,2015-05-07,NA
975,4573,2017,Rosena Allin-Khan,DrRosena,Tooting,Labour,F,2016-06-16,NA
976,4573,2015,Rosena Allin-Khan,DrRosena,Tooting,Labour,F,2016-06-16,NA
200,1577,2015,Sadiq Khan,SadiqKhan,Tooting,Labour,M,2005-05-05,2016-05-09
823,4451,2015,Kevin Foster,kevin_j_foster,Torbay,Conservative,M,2015-05-07,NA
824,4451,2017,Kevin Foster,kevin_j_foster,Torbay,Conservative,M,2015-05-07,NA
121,1508,2015,Geoffrey Cox,Geoffrey_Cox,Torridge and West Devon,Conservative,M,2005-05-05,NA
122,1508,2017,Geoffrey Cox,Geoffrey_Cox,Torridge and West Devon,Conservative,M,2005-05-05,NA
521,4073,2017,Sarah James (Wollaston),sarahwollaston,Totnes,Liberal Democrat,F,2010-05-06,2019-11-06
522,4073,2015,Sarah James (Wollaston),sarahwollaston,Totnes,Liberal Democrat,F,2010-05-06,2019-11-06
269,206,2017,David Lammy,DavidLammy,Tottenham,Labour,M,2000-06-22,NA
270,206,2015,David Lammy,DavidLammy,Tottenham,Labour,M,2000-06-22,NA
517,4071,2015,Sarah Newton,SNewtonUK,Truro and Falmouth,Conservative,F,2010-05-06,2019-11-06
518,4071,2017,Sarah Newton,SNewtonUK,Truro and Falmouth,Conservative,F,2010-05-06,2019-11-06
201,1578,2015,Gregory Clark,gregclarkmp,Tunbridge Wells,Conservative,M,2005-05-05,NA
202,1578,2017,Gregory Clark,gregclarkmp,Tunbridge Wells,Conservative,M,2005-05-05,NA
744,4404,2015,Tania Mathias,tania_mathias,Twickenham,Conservative,F,2015-05-07,2017-05-03
271,207,2017,Vince Cable,vincecable,Twickenham,Liberal Democrat,M,2017-06-08,2019-11-06
1071,529,2017,Alan Campbell,alancampbellmp,Tynemouth,Labour,M,1997-05-01,NA
1072,529,2015,Alan Campbell,alancampbellmp,Tynemouth,Labour,M,1997-05-01,NA
1075,534,2017,Christopher Ruane,ChrisRuane58,Vale of Clwyd,Labour,M,2017-06-08,2019-11-06
870,4476,2015,James Davies,JamesDavies,Vale of Clwyd,Conservative,M,2019-12-12,NA
537,4086,2017,Alun Cairns,AlunCairns,Vale of Glamorgan,Conservative,M,2010-05-06,NA
538,4086,2015,Alun Cairns,AlunCairns,Vale of Glamorgan,Conservative,M,2010-05-06,NA
272,210,2017,Kate Hoey,CatharineHoey,Vauxhall,Non-affiliated,F,2020-09-14,NA
273,210,2015,Kate Hoey,CatharineHoey,Vauxhall,Non-affiliated,F,2020-09-14,NA
203,1579,2015,Mary Creagh,MaryCreagh_,Wakefield,Labour,F,2005-05-05,2019-11-06
204,1579,2017,Mary Creagh,MaryCreagh_,Wakefield,Labour,F,2005-05-05,2019-11-06
1069,491,2015,Angela Eagle,angelaeagle,Wallasey,Labour,F,1992-04-09,NA
1070,491,2017,Angela Eagle,angelaeagle,Wallasey,Labour,F,1992-04-09,NA
300,316,2015,David Winnick,WinnickWalsallN,Walsall North,Labour,M,1979-05-03,2017-05-03
1015,4635,2017,Edmund Hughes,EddieHughes4WN,Walsall North,Conservative,M,2017-06-08,NA
527,4076,2015,Valerie Vaz,Valerie_VazMP,Walsall South,Labour,F,2010-05-06,NA
528,4076,2017,Valerie Vaz,Valerie_VazMP,Walsall South,Labour,F,2010-05-06,NA
539,4088,2015,Stella Creasy,stellacreasy,Walthamstow,Labour (Co-op),F,2010-05-06,NA
540,4088,2017,Stella Creasy,stellacreasy,Walthamstow,Labour (Co-op),F,2010-05-06,NA
617,4139,2015,Ian Lavery,IanLaveryMP,Wansbeck,Labour,M,2010-05-06,NA
618,4139,2017,Ian Lavery,IanLaveryMP,Wansbeck,Labour,M,2010-05-06,NA
205,1580,2015,Ed Vaizey,edvaizey,Wantage,Conservative,M,2020-09-01,NA
206,1580,2017,Ed Vaizey,edvaizey,Wantage,Conservative,M,2020-09-01,NA
301,318,2017,John Spellar,spellar,Warley,Labour,M,1992-04-09,NA
302,318,2015,John Spellar,spellar,Warley,Labour,M,1992-04-09,NA
659,432,2017,Helen Jones,HelenMaryCymru,Warrington North,Labour,F,1997-05-01,2019-11-06
660,432,2015,Helen Jones,HelenMaryCymru,Warrington North,Labour,F,1997-05-01,2019-11-06
1045,4670,2017,Mian Rashid,Faisal__Rashid,Warrington South,Labour,M,2017-06-08,2019-11-06
577,4114,2015,Chris White,Chris_White_67,Warwick and Leamington,Conservative,M,2010-05-06,2017-05-03
1000,4617,2017,Matthew Western,mattwestern_,Warwick and Leamington,Labour,M,2017-06-08,NA
139,1521,2017,Sharon Hodgson,SharonHodgsonMP,Washington and Sunderland West,Labour,F,2005-05-05,NA
140,1521,2015,Sharon Hodgson,SharonHodgsonMP,Washington and Sunderland West,Labour,F,2005-05-05,NA
511,4068,2015,Richard Harrington,Richard4Watford,Watford,Conservative,M,2010-05-06,2019-11-06
512,4068,2017,Richard Harrington,Richard4Watford,Watford,Conservative,M,2010-05-06,2019-11-06
513,4069,2017,Peter Aldous,peter_aldous,Waveney,Conservative,M,2010-05-06,NA
514,4069,2015,Peter Aldous,peter_aldous,Waveney,Conservative,M,2010-05-06,NA
839,4460,2015,Nusrat Ul-Ghani,nus_ghani,Wealden,Conservative,F,2015-05-07,NA
840,4460,2017,Nusrat Ul-Ghani,nus_ghani,Wealden,Conservative,F,2015-05-07,NA
531,4081,2015,Graham Evans,GrahamEvans,Weaver Vale,Conservative,M,2010-05-06,2017-05-03
1043,4667,2017,Michael Amesbury,MikeAmesbury,Weaver Vale,Labour,M,2017-06-08,NA
207,1581,2015,Peter Bone,PeterBoneUK,Wellingborough,Conservative,M,2005-05-05,NA
208,1581,2017,Peter Bone,PeterBoneUK,Wellingborough,Conservative,M,2005-05-05,NA
959,4528,2017,James Heappey,jsheappey,Wells,Conservative,M,2015-05-07,NA
960,4528,2015,James Heappey,jsheappey,Wells,Conservative,M,2015-05-07,NA
209,1582,2015,Grant Shapps,grantshapps,Welwyn Hatfield,Conservative,M,2005-05-05,NA
210,1582,2017,Grant Shapps,grantshapps,Welwyn Hatfield,Conservative,M,2005-05-05,NA
416,400,2015,John Healey,JohnHealey_MP,Wentworth and Dearne,Labour,M,1997-05-01,NA
417,400,2017,John Healey,JohnHealey_MP,Wentworth and Dearne,Labour,M,1997-05-01,NA
987,4601,2017,Andrew Bowie,AndrewBowie_MP,West Aberdeenshire and Kincardine,Conservative,M,2017-06-08,NA
700,4377,2015,Stuart Donaldson,stubdonaldson,West Aberdeenshire and Kincardine,Scottish National Party,M,2015-05-07,2017-05-03
76,1463,2017,Thomas Watson,tom_watson,West Bromwich East,Labour,M,2001-06-07,2019-11-06
77,1463,2015,Thomas Watson,tom_watson,West Bromwich East,Labour,M,2001-06-07,2019-11-06
303,320,2017,Adrian Bailey,AdrianBaileyWBW,West Bromwich West,Labour (Co-op),M,2000-11-23,2019-11-06
304,320,2015,Adrian Bailey,AdrianBaileyWBW,West Bromwich West,Labour (Co-op),M,2000-11-23,2019-11-06
698,4374,2017,Martin Docherty-Hughes,MartinJDocherty,West Dunbartonshire,Scottish National Party,M,2015-05-07,NA
699,4374,2015,Martin Docherty-Hughes,MartinJDocherty,West Dunbartonshire,Scottish National Party,M,2015-05-07,NA
211,1583,2015,Lyn Brown,lynbrownmp,West Ham,Labour,F,2005-05-05,NA
212,1583,2017,Lyn Brown,lynbrownmp,West Ham,Labour,F,2005-05-05,NA
156,1538,2015,Rosemary Cooper,rosie4westlancs,West Lancashire,Labour,F,2005-05-05,NA
157,1538,2017,Rosemary Cooper,rosie4westlancs,West Lancashire,Labour,F,2005-05-05,NA
515,4070,2015,Matthew Hancock,matthancock,West Suffolk,Conservative,M,2010-05-06,NA
516,4070,2017,Matthew Hancock,matthancock,West Suffolk,Conservative,M,2010-05-06,NA
567,4107,2017,Harriett Baldwin,hbaldwin,West Worcestershire,Conservative,F,2010-05-06,NA
568,4107,2015,Harriett Baldwin,hbaldwin,West Worcestershire,Conservative,F,2010-05-06,NA
267,199,2017,Karen Buck,KarenPBuckMP,Westminster North,Labour,F,1997-05-01,NA
268,199,2015,Karen Buck,KarenPBuckMP,Westminster North,Labour,F,1997-05-01,NA
223,1591,2015,Timothy Farron,timfarron,Westmorland and Lonsdale,Liberal Democrat,M,2005-05-05,NA
224,1591,2017,Timothy Farron,timfarron,Westmorland and Lonsdale,Liberal Democrat,M,2005-05-05,NA
213,1584,2015,John Penrose,JohnPenroseNews,Weston-super-Mare,Conservative,M,2005-05-05,NA
214,1584,2017,John Penrose,JohnPenroseNews,Weston-super-Mare,Conservative,M,2005-05-05,NA
532,4082,2015,Lisa Nandy,lisanandy,Wigan,Labour,F,2010-05-06,NA
533,4082,2017,Lisa Nandy,lisanandy,Wigan,Labour,F,2010-05-06,NA
215,1585,2017,Stephen Hammond,S_Hammond,Wimbledon,Conservative,M,2005-05-05,NA
216,1585,2015,Stephen Hammond,S_Hammond,Wimbledon,Conservative,M,2005-05-05,NA
217,1586,2015,Adam Afriyie,AdamAfriyie,Windsor,Conservative,M,2005-05-05,NA
218,1586,2017,Adam Afriyie,AdamAfriyie,Windsor,Conservative,M,2005-05-05,NA
534,4083,2017,Alison McGovern,Alison_McGovern,Wirral South,Labour,F,2010-05-06,NA
535,4083,2015,Alison McGovern,Alison_McGovern,Wirral South,Labour,F,2010-05-06,NA
736,4400,2015,Margaret Greenwood,mgreenwoodww,Wirral West,Labour,F,2015-05-07,NA
737,4400,2017,Margaret Greenwood,mgreenwoodww,Wirral West,Labour,F,2015-05-07,NA
509,4066,2015,Priti Patel,pritipatel,Witham,Conservative,F,2010-05-06,NA
510,4066,2017,Priti Patel,pritipatel,Witham,Conservative,F,2010-05-06,NA
80,1467,2015,David Cameron,David_Cameron,Witney,Conservative,M,2001-06-07,2016-09-12
981,4589,2015,Robert Courts,robertcourts,Witney,Conservative,M,2016-10-20,NA
982,4589,2017,Robert Courts,robertcourts,Witney,Conservative,M,2016-10-20,NA
541,4090,2015,Jonathan Lord,JonathanLord,Woking,Conservative,M,2010-05-06,NA
542,4090,2017,Jonathan Lord,JonathanLord,Woking,Conservative,M,2010-05-06,NA
37,14,2017,John Redwood,johnredwood,Wokingham,Conservative,M,1987-06-11,NA
38,14,2015,John Redwood,johnredwood,Wokingham,Conservative,M,1987-06-11,NA
219,1587,2017,Patrick McFadden,patmcfaddenmp,Wolverhampton South East,Labour,M,2005-05-05,NA
220,1587,2015,Patrick McFadden,patmcfaddenmp,Wolverhampton South East,Labour,M,2005-05-05,NA
543,4091,2017,Robin Walker,walkerworcester,Worcester,Conservative,M,2010-05-06,NA
544,4091,2015,Robin Walker,walkerworcester,Worcester,Conservative,M,2010-05-06,NA
726,4395,2015,Sue Hayman,SueHayman1,Workington,Labour,F,2020-09-09,NA
727,4395,2017,Sue Hayman,SueHayman1,Workington,Labour,F,2020-09-09,NA
221,1588,2017,Barbara Keeley,KeeleyMP,Worsley and Eccles South,Labour,F,2005-05-05,NA
222,1588,2015,Barbara Keeley,KeeleyMP,Worsley and Eccles South,Labour,F,2005-05-05,NA
11,117,2017,Peter Bottomley,PBottomleyMP,Worthing West,Conservative,M,1975-06-26,NA
12,117,2015,Peter Bottomley,PBottomleyMP,Worthing West,Conservative,M,1975-06-26,NA
81,1470,2017,Ian Lucas,IanCLucas,Wrexham,Labour,M,2001-06-07,2019-11-06
82,1470,2015,Ian Lucas,IanCLucas,Wrexham,Labour,M,2001-06-07,2019-11-06
505,4064,2015,Steven Baker,stevebakerhw,Wycombe,Conservative,M,2010-05-06,NA
506,4064,2017,Steven Baker,stevebakerhw,Wycombe,Conservative,M,2010-05-06,NA
158,1539,2015,Robert Wallace,BWallaceMP,Wyre and Preston North,Conservative,M,2005-05-05,NA
159,1539,2017,Robert Wallace,BWallaceMP,Wyre and Preston North,Conservative,M,2005-05-05,NA
523,4074,2017,Mark Garnier,Mark4WyreForest,Wyre Forest,Conservative,M,2010-05-06,NA
524,4074,2015,Mark Garnier,Mark4WyreForest,Wyre Forest,Conservative,M,2010-05-06,NA
657,4316,2017,Michael Kane,MikeKaneMP,Wythenshawe and Sale East,Labour,M,2014-02-13,NA
658,4316,2015,Michael Kane,MikeKaneMP,Wythenshawe and Sale East,Labour,M,2014-02-13,NA
814,4446,2017,Marcus Fysh,marcusfysh,Yeovil,Conservative,M,2015-05-07,NA
815,4446,2015,Marcus Fysh,marcusfysh,Yeovil,Conservative,M,2015-05-07,NA
83,1474,2015,Albert Owen,AlbertOwen2020,Ynys Môn,Labour,M,2001-06-07,2019-11-06
84,1474,2017,Albert Owen,AlbertOwen2020,Ynys Môn,Labour,M,2001-06-07,2019-11-06
860,4471,2015,Rachael Maskell,rachaelmaskell,York Central,Labour (Co-op),F,2015-05-07,NA
861,4471,2017,Rachael Maskell,rachaelmaskell,York Central,Labour (Co-op),F,2015-05-07,NA
529,4079,2015,Julian Sturdy,JulianSturdy,York Outer,Conservative,M,2010-05-06,NA
530,4079,2017,Julian Sturdy,JulianSturdy,York Outer,Conservative,M,2010-05-06,NA
