"","member_id","name","username"
"1","104","Crispin Blunt","CrispinBlunt"
"3","105","Philip Hammond","PhilipHammondUK"
"5","111","Nicolas Gibb","nickgibbuk"
"7","114","Timothy Loughton","timloughton"
"9","116","Nicholas Soames","NSoames"
"11","117","Peter Bottomley","PBottomleyMP"
"13","1171","Liam Byrne","LiamByrneMP"
"15","1198","David Evennett","DavidEvennett"
"17","12","Fiona Mactaggart","fionamac2017"
"18","1200","Gregory Knight","GregKnight"
"20","1201","Alistair Burt","AlistairBurtUK"
"22","126","Keith Simpson","KeithSimpsonNFN"
"24","1383","Mark Tami","MarkTamiMP"
"26","1384","Michael Weir","mikeweirsnp"
"27","1387","John Mann","LordJohnMann"
"29","1388","Nigel Dodds","NigelDoddsDUP"
"31","1392","Khalid Mahmood","khalid4PB"
"33","1397","Hywel Williams","hywelplaidcymru"
"35","1398","Wayne David","WayneDavid_MP"
"37","14","John Redwood","johnredwood"
"39","140","Margaret Hodge","margarethodge"
"41","1400","Kevin Brennan","KevinBrennanMP"
"43","1405","Mark Field","MarkFieldUK"
"45","1406","Jonathan Cruddas","JonCruddas_1"
"47","1408","Hugo Swire","HugoSwire"
"49","1416","Michelle Gildernew","gildernewm"
"50","1424","Michael Prisk","PriskMark"
"52","1425","Jonathan Djanogly","JDjanogly"
"54","1427","Andrew Burnham","AndyBurnhamGM"
"55","1433","Angus Robertson","AngusRobertson"
"56","1438","Kevan Jones","KevanJonesMP"
"58","1439","Norman Lamb","normanlamb"
"60","1440","Peter Wishart","PeteWishart"
"62","1442","Alexander Carmichael","amcarmichaelMP"
"64","1446","Christopher Bryant","RhonddaBryant"
"66","1447","Andrew Rosindell","AndrewRosindell"
"68","1451","Richard Bacon","richardbaconmp"
"70","1453","Andrew Selous","AndrewSelous"
"72","1454","John Pugh","johnpugh2017"
"73","1458","George Osborne","George_Osborne"
"74","146","Barry Gardiner","BarryGardiner"
"76","1463","Thomas Watson","tom_watson"
"78","1466","Andrew Murrison","AWMurrison"
"80","1470","Ian Lucas","IanCLucas"
"82","1474","Albert Owen","AlbertOwen2020"
"84","1478","Iain Wright","Iain_Wright_"
"85","1479","Nick Herbert","nickherbertcbe"
"87","1480","Maria Miller","MariaMillerUK"
"89","1481","Nadine Dorries","NadineDorries"
"91","1482","Graham Stuart","grahamstuart"
"93","1484","Helen Goodman","HelenGoodmanBA"
"95","1486","David Anderson","DaveAndersonMP"
"96","1487","Tobias Ellwood","Tobias_Ellwood"
"98","1489","Dawn Butler","dawnbutlerbrent"
"100","1490","Madeleine Moon","MadeleineMoon"
"102","1491","Kerry McCarthy","KerryMP"
"104","1493","Charles Walker","CharlesWalkerMP"
"106","1496","Shailesh Vara","ShaileshVara"
"108","1498","Mark Williams","mark4ceredigion"
"109","15","David Lidington","DLidington"
"111","150","Harriet Harman","HarrietHarman"
"113","1501","Roberta Blackman-Woods","blackmanwoods"
"115","1502","David Jones","DavidJonesMP"
"117","1506","Andrew Gwynne","GwynneMP"
"119","1508","Geoffrey Cox","Geoffrey_Cox"
"121","151","Thomas Brake","thomasbrake"
"123","1510","Edward Miliband","Ed_Miliband"
"125","1511","Ian Austin","LordIanAustin"
"127","1512","David Mundell","davidmundelldct"
"129","1513","Joanne Swinson","joswinson"
"130","1514","Stewart Hosie","StewartHosieSNP"
"132","1516","Andrew Slaughter","hammersmithandy"
"134","1518","David Burrowes","DavidBurrowesUK"
"135","1520","Mark Harper","Mark_J_Harper"
"137","1521","Sharon Hodgson","SharonHodgsonMP"
"139","1523","Anne Milton","AnneMilton"
"141","1524","Margaret Hillier","Meg_HillierMP"
"143","1526","Gregory Hands","GregHands"
"145","1527","John Carswell","DouglasCarswell"
"146","1529","David Gauke","DavidGauke"
"148","1530","James Brokenshire","JBrokenshire"
"150","1533","Diana Johnson","DianaJohnsonMP"
"152","1536","Emily Thornberry","EmilyThornberry"
"154","1538","Rosemary Cooper","rosie4westlancs"
"156","1539","Robert Wallace","BWallaceMP"
"158","1540","Gregory Mulholland","GregMulholland1"
"159","1541","Nia Griffith","NiaGriffithMP"
"161","1542","Philip Dunne","Dunne4Ludlow"
"163","1544","Mark Lancaster","MarkLancasterMK"
"165","1545","David Davies","davidtcdavies"
"167","1546","Angus MacNeil","angusmacneilsnp"
"169","1547","Richard Benyon","RichardHRBenyon"
"171","1548","Jessica Morden","jessicamordenmp"
"173","155","Geraint Davies","GeraintDaviesMP"
"175","1554","Stephen Crabb","SCrabbPembs"
"177","1555","Justine Greening","JustineGreening"
"179","1556","Robert Wilson","RobWilson_RDG"
"180","1559","James Duddridge","JamesDuddridge"
"182","1561","Nicholas Hurd","NickHurdUK"
"184","1563","Nicholas Clegg","nick_clegg"
"185","1564","Angela Smith","angelasmithmp"
"187","1565","Philip Davies","philipdaviesuk"
"189","1566","Daniel Kawczynski","DKShrewsbury"
"191","1569","Robert Flello","RobertFlello"
"192","1571","Michael Gove","michaelgove"
"194","1572","Jeremy Hunt","Jeremy_Hunt"
"196","1576","Mark Pritchard","MPritchardUK"
"198","1578","Gregory Clark","gregclarkmp"
"200","1579","Mary Creagh","MaryCreagh_"
"202","1580","Ed Vaizey","edvaizey"
"204","1581","Peter Bone","PeterBoneUK"
"206","1582","Grant Shapps","grantshapps"
"208","1583","Lyn Brown","lynbrownmp"
"210","1584","John Penrose","JohnPenroseNews"
"212","1585","Stephen Hammond","S_Hammond"
"214","1586","Adam Afriyie","AdamAfriyie"
"216","1587","Patrick McFadden","patmcfaddenmp"
"218","1588","Barbara Keeley","KeeleyMP"
"220","1591","Timothy Farron","timfarron"
"222","1593","Samuel Wilson","eastantrimmp"
"224","1594","John Durkan","markdurkan"
"225","1596","Alasdair McDonnell","AlMcDonnellSB"
"226","1601","Robert Neill","neill_bob"
"228","1603","Philip Wilson","PhilWilsonXMP"
"230","1604","Virendra Sharma","VirendraSharma"
"232","1605","Edward Timpson","edwardtimpson"
"233","1606","John Howell","JHowellUK"
"235","1609","Chloe Smith","NorwichChloe"
"237","163","Stephen Timms","stephenctimms"
"239","165","Clive Efford","CliveEfford"
"241","166","Joan Ryan","joanryanenfield"
"243","167","Stephen Twigg","StephenTwigg"
"245","172","Diane  Abbott","HackneyAbbott"
"247","177","Gareth Thomas","GarethThomasMP"
"249","178","John McDonnell","johnmcdonnellMP"
"251","18","Cheryl Gillan","CherylGillan"
"253","181","John Cryer","JohnCryerMP"
"255","184","Michael Gapes","MikeGapes"
"257","185","Jeremy Corbyn","jeremycorbyn"
"259","188","Edward Davey","EdwardJDavey"
"260","193","Siobhain McDonagh","Siobhain_Mc"
"262","197","James Fitzpatrick","Fitz_xMP"
"264","199","Karen Buck","KarenPBuckMP"
"266","206","David Lammy","DavidLammy"
"268","207","Vince Cable","vincecable"
"269","210","Kate Hoey","CatharineHoey"
"271","223","Liam Fox","LiamFox"
"273","230","Benjamin Bradshaw","BenPBradshaw"
"275","234","Gary Streeter","garystreeterSWD"
"277","245","Robert Syms","RobertSyms"
"279","252","David Drew","DavidEDrew"
"280","253","Laurence Robertson","lrobertsonTewks"
"282","261","James Gray","JGray"
"284","274","Owen Paterson","OwenPaterson"
"286","280","Michael Fabricant","Mike_Fabricant"
"288","288","William Cash","BillCashMP"
"290","296","Gisela Stuart","GiselaStuart"
"291","298","Stephen McCabe","steve_mccabe"
"293","301","Richard Burden","RichardBurden27"
"295","304","Roger Godsiff","RogerGodsiff"
"297","316","David Winnick","WinnickWalsallN"
"298","318","John Spellar","spellar"
"300","320","Adrian Bailey","AdrianBaileyWBW"
"302","33","Eric Pickles","EricPickles"
"303","333","Patrick McLoughlin","Patrick4Dales"
"305","337","Edward Garnier","EdwardGarnier"
"306","343","Alan Duncan","SirAlanDuncan"
"308","345","Edward Leigh","EdwardLeighMP"
"310","36","Eleanor Laing","eleanor4epping"
"312","360","Vernon Coaker","Vernon_Coaker"
"314","364","Graham Allen","GrahamAllenMPX"
"315","389","Caroline Flint","CarolineFlint"
"317","39","John Whittingdale","jwhittingdale"
"319","3910","Guto Bebb","GutoAberconwy"
"321","3911","Eilidh Whiteford","eilidhwhiteford"
"322","3913","John Dromey","JackDromeyMP"
"324","3914","Shabana Mahmood","ShabanaMahmood"
"326","3915","Gloria De Piero","GloriaDePiero"
"328","3916","Michael Dugher","MichaelDugher"
"329","3917","John Woodcock","LordWalney"
"331","3918","Jane  Ellison","JaneEllison"
"332","392","Kevin Barron","KevinJBarron"
"334","3921","Phillip Lee","DrPhillipLee"
"336","3922","Conor Burns","ConorBurnsUK"
"338","3924","Yasmin  Qureshi","YasminQureshiMP"
"340","3926","Paul Maynard","PaulMaynardUK"
"342","3928","Nicholas Smith","BlaenauGwentMP"
"344","3930","Caroline Lucas","CarolineLucas"
"346","3933","Charlotte Leslie","CharlotteLeslie"
"347","3935","Melvyn Stride","meljstride"
"349","3936","Andrew Griffiths","griffitha"
"351","3938","Anna Soubry","Anna_Soubry"
"353","3940","Craig Whittaker","CWhittaker_MP"
"355","3942","Andrew Stevenson","John4Carlisle"
"357","3944","Simon Hart","Simonhartmp"
"359","3945","Sajid Javid","sajidjavid"
"361","3948","Rebecca  Harris","RebeccaHarrisMP"
"363","3950","Tracey Crouch","tracey_crouch"
"365","3952","Matthew Perkins","tobyperkinsmp"
"367","3953","Jason McCartney","JasonMcCartney"
"368","3955","Gavin Barwell","GavinBarwell"
"369","3957","Martin Vickers","martinvickers"
"371","3960","Henry Smith","HenrySmithUK"
"373","3966","Ian Murray","IanMurrayMP"
"375","3968","Stephen Lloyd","StephenLloydEBN"
"376","3969","Damian Hinds","DamianHinds"
"378","3972","Jennifer Chapman","JennyChapman"
"380","3973","Grahame Morris","grahamemorris"
"382","3976","Christopher Williamson","derbychrisw"
"383","3977","Christopher Heaton-Harris","chhcalling"
"385","3980","Samuel Gyimah","SamGyimah"
"387","3983","Amber Rudd","AmberRuddUK"
"389","3985","Robert Halfon","halfon4harlowMP"
"391","3986","Damian Collins","DamianCollins"
"393","3987","Atta-Ur-Rehman Chishti","Rehman_Chishti"
"395","3989","Giacomo Lopresti","JackLopresti"
"397","3990","Richard Graham","RichardGrahamUK"
"399","3991","Alexander Norman","Jesse_Norman"
"401","3992","James Morris","JamesMorris"
"403","3995","Nicholas Boles","NickBoles"
"405","3996","Andrew Jones","AJonesMP"
"407","3997","Alec Shelbrooke","AlecShelbrooke"
"409","3999","Graham Jones","GrahamJones_MP"
"411","40","Bernard Jenkin","bernardjenkin"
"413","400","John Healey","JohnHealey_MP"
"415","4000","James Mearns","IanMearnsMP"
"417","4003","Teresa Pearce","tpearce003"
"419","4005","Robert Blackman","BobBlackman"
"421","4006","Matthew Offord","Offord4Hendon"
"423","4007","Dominic Raab","DominicRaab"
"425","4008","Caroline Dinenage","cj_dinenage"
"427","4009","Brandon Lewis","BrandonLewis"
"429","4013","Gavin Shuker","gavinshuker"
"431","4014","Alok Sharma","AlokSharma_RDG"
"433","4015","Iain Stewart","iainastewart"
"435","4017","Penelope Mordaunt","PennyMordaunt"
"437","4018","Helen Grant","HelenGrantMP"
"439","4019","Nicola Blackwood","nicolablackwood"
"440","4020","George Freeman","GeorgeFreemanMP"
"442","4021","Christopher Skidmore","CSkidmoreUK"
"444","4022","Oliver Colvile","olivercolvile"
"445","4023","Karen Lumley","tell_karen"
"446","4024","Marcus Jones","Marcus4Nuneaton"
"448","4025","Pauline Latham","Pauline_Latham"
"450","4026","Elizabeth Kendall","leicesterliz"
"452","4027","Nicky Morgan","NickyMorgan01"
"454","4028","Karl McCartney","karlmccartney"
"455","4029","Lilian Greenwood","LilianGreenwood"
"457","4030","Karl Turner","KarlTurnerMP"
"459","4031","Rachel Reeves","RachelReevesMP"
"461","4032","Stuart Andrew","StuartAndrew"
"463","4033","David Rutley","DavidRutley"
"465","4034","Yvonne Fovargue","Y_FovargueMP"
"467","4035","Steve Rotheram","Steve_Rotheram"
"468","4036","Luciana Goldsmith (Berger)","lucianaberger"
"470","4037","Tom Blenkinsop","TomBlenkinsop"
"471","4039","Jo Johnson","JoJohnsonUK"
"473","4040","Christopher Evans","Chris_EvansMP"
"475","4044","Andrew Stephenson","Andrew4Pendle"
"477","4046","Bridget Phillipson","bphillipsonMP"
"479","4048","Caroline Nokes","carolinenokes"
"481","4051","John Glen","JohnGlenUK"
"483","4052","Mark Pawsey","MarkPawsey"
"485","4053","Heather Wheeler","HeatherWheeler"
"487","4055","Mark Spencer","Mark_Spencer"
"489","4056","Nicholas Dakin","NicDakin55"
"491","4057","Nigel Adams","nadams"
"493","4058","Paul Blomfield","PaulBlomfieldMP"
"495","4059","Simon  Danczuk","SimonDanczuk"
"496","4060","James Berry","jakeberry"
"498","4061","William Esterson","Bill_Esterson"
"500","4062","Zac Goldsmith","ZacGoldsmith"
"502","4064","Steven Baker","stevebakerhw"
"504","4065","Jacqueline Doyle-Price","JACKIEDP"
"506","4066","Priti Patel","pritipatel"
"508","4068","Richard Harrington","Richard4Watford"
"510","4069","Peter Aldous","peter_aldous"
"512","4070","Matthew Hancock","matthancock"
"514","4071","Sarah Newton","SNewtonUK"
"516","4072","Neil Parish","neil_parish"
"518","4073","Sarah James (Wollaston)","sarahwollaston"
"520","4074","Mark Garnier","Mark4WyreForest"
"522","4075","Christopher Pincher","ChrisPincher"
"524","4076","Valerie Vaz","Valerie_VazMP"
"526","4079","Julian Sturdy","JulianSturdy"
"528","4081","Graham Evans","GrahamEvans"
"529","4082","Lisa Nandy","lisanandy"
"531","4083","Alison McGovern","Alison_McGovern"
"533","4084","Esther McVey","EstherMcVey1"
"534","4086","Alun Cairns","AlunCairns"
"536","4088","Stella Creasy","stellacreasy"
"538","4090","Jonathan Lord","JonathanLord"
"540","4091","Robin Walker","walkerworcester"
"542","4092","Stephen Metcalfe","Metcalfe_SBET"
"544","4093","Stephen McPartland","SMcPartland"
"546","4095","Stephen Barclay","SteveBarclay"
"548","4097","Elizabeth Truss","trussliz"
"550","4098","Thérèse Coffey","theresecoffey"
"552","4099","Jacob Rees-Mogg","Jacob_Rees_Mogg"
"554","410","Jon Trickett","jon_trickett"
"556","4100","Sheryll Murray","sheryllmurray"
"558","4103","Pat Glass","PatMGlass"
"559","4104","Neil Carmichael","carmichaelneil_"
"560","4105","Justin Tomlinson","JustinTomlinson"
"562","4106","Robert Buckland","RobertBuckland"
"564","4107","Harriett Baldwin","hbaldwin"
"566","4108","Gavin Williamson","GavinWilliamson"
"568","4109","Jeremy Lefroy","jeremylefroy"
"570","411","Barry Sheerman","BarrySheerman"
"572","4113","Nadhim Zahawi","nadhimzahawi"
"574","4114","Chris White","Chris_White_67"
"575","4115","Margot James","margot_james_"
"577","4116","Michael Ellis","Michael_Ellis1"
"579","4117","Andrea Leadsom","andrealeadsom"
"581","4118","Julian Smith","JulianSmithuk"
"583","4119","Jonathan Reynolds","jreynoldsMP"
"585","4120","Katherine Green","KateGreenSU"
"587","4122","Alexander Cunningham","ACunninghamMP"
"589","4124","Chinyelu Onwurah","ChiOnwurah"
"591","4125","Catherine McKinnell","catmckinnell"
"593","4127","Julie  Elliott","JulieElliottMP"
"595","4128","Chuka Umunna","ChukaUmunna"
"597","413","Hilary Benn","hilarybennmp"
"599","4130","Margaret Ritchie","MRitchieSD"
"600","4131","Richard Shannon","jimshannonmp"
"602","4133","Andrew Bridgen","ABridgen"
"604","4134","Kwasi Kwarteng","KwasiKwarteng"
"606","4135","David Morris","davidmorrisml"
"608","4136","Nigel Mills","nigelmills"
"610","4137","Roderick Stewart","RoryStewartUK"
"612","4138","Rushanara Ali","rushanaraali"
"614","4139","Ian Lavery","IanLaveryMP"
"616","4140","David Nuttall","DNuttall"
"617","4142","Guy Opperman","GuyOpperman"
"619","415","Fabian Hamilton","FabianLeedsNE"
"621","420","Yvette Cooper","YvetteCooperMP"
"623","4212","Deborah Abrahams","Debbie_abrahams"
"625","422","Christopher Leslie","ChrisLeslieUK"
"627","4243","Daniel Jarvis","DanJarvisMP"
"629","4244","Jonathan Ashworth","JonAshworth"
"631","4245","Paul Maskey","PaulMaskeyMP"
"633","4249","Anne Marie Morris","AnneMarieMorris"
"635","4253","Seema Malhotra-Saluja","SeemaMalhotra1"
"637","4263","Lucy Powell","LucyMPowell"
"639","4264","Stephen Doughty","SDoughtyMP"
"641","4267","Sarah Champion","SarahChampionMP"
"643","4268","Steven Reed","SteveReedMP"
"645","4269","Andrew McDonald","AndyMcDonaldMP"
"647","4274","Francis Molloy","FrancieMolloy"
"649","4277","Emma Lewell-Buck","EmmaLewellBuck"
"651","429","John Twigg","DerekTwiggMP"
"653","43","Alan Haselhurst","Alan_Haselhurst"
"654","4316","Michael Kane","MikeKaneMP"
"656","432","Helen Jones","HelenMaryCymru"
"658","4320","Robert Jenrick","RobertJenrick"
"660","435","Graham Brady","SirGrahamBrady"
"662","4356","Angela Rayner","angelarayner"
"664","4357","Kirsty Blackman","KirstySNP"
"666","4358","Wendy Morton","morton_wendy"
"668","4359","Stephen Kinnock","skinnock"
"670","4360","Gavin Robinson","grobinsondup"
"672","4361","Matthew Warman","mattwarman"
"674","4363","Catherine Hollern","kate_hollernmp"
"676","4364","Callum McCaig","callum_mccaig"
"677","4365","Neil Gray","neilgraysnp"
"679","4366","James Cleverly","jamescleverly"
"681","4367","Tom Elliott","telliott_uup"
"682","4368","Neil Coyle","coyleneil"
"684","4369","Thomas Pursglove","votepursglove"
"686","437","David Crausby","DavidCrausby"
"688","4370","Jessica Phillips","jessphillips"
"690","4371","Brendan O'Hara","BrendanOHaraMP"
"692","4372","Amanda Solloway","ASollowayUK"
"693","4373","Michael Brady","MickeyBradySF"
"695","4374","Martin Docherty-Hughes","MartinJDocherty"
"697","4377","Stuart Donaldson","stubdonaldson"
"698","4379","Calum Kerr","CalumRKerr"
"699","4380","Johanna Churchill","jochurchill4"
"701","4381","Danny Kinahan","ddebk"
"702","4382","Daniel Zeichner","danielzeichner"
"704","4383","Paul Monaghan","PaulMaynardUK"
"705","4384","Michael Wood","mikejwood"
"707","4385","Philippa Whitford","Dr_PhilippaW"
"709","4386","Margaret Ferrier","MargaretFerrier"
"710","4387","Richard Arkless","ArklessRichard"
"711","4388","Philip Boswell","philboswellsnp"
"712","4389","Ruth Cadbury","ruthcadbury"
"714","4390","Ian Blackford","Ianblackford_MP"
"716","4391","Judith Cummins","judithcummins"
"718","4392","Steven Paterson","steven4stirling"
"719","4393","Stuart McDonald","stuart_mcdonald"
"721","4394","Imran Hussain","Imran_HussainMP"
"723","4395","Sue Hayman","SueHayman1"
"725","4396","Rebecca Long-Bailey","RLong_Bailey"
"727","4397","Peter Dowd","peter_dowd"
"729","4398","Christopher Green","CGreenUK"
"731","44","David Amess","amessd_southend"
"733","4400","Margaret Greenwood","mgreenwoodww"
"735","4401","Victoria Prentis","victoriaprentis"
"737","4402","Douglas Chapman","dougchapmansnp"
"739","4403","Christopher Law","chrislawsnp"
"741","4404","Tania Mathias","tania_mathias"
"742","4405","Julie Cooper","julieforburnley"
"744","4406","Mary Robinson","maryrobinson01"
"746","4407","Nigel Huddleston","huddlestonnigel"
"748","4408","Christian Matheson","chrism4chester"
"750","4409","Naseem Shah","nazshahbfd"
"752","4410","Julian Knight","julianknight15"
"754","4411","Lucy Allan","lucyallan"
"756","4412","Lisa Cameron","DrLisaCameronMP"
"758","4413","Kirsten Oswald","kirstenoswald"
"759","4414","Paul Scully","scullyp"
"761","4415","John Nicolson","mrjohnnicolson"
"762","4416","George Kerevan","georgekerevan"
"763","4418","Justin Madders","justinmadders"
"765","4419","Joanna Cherry","joannaccherry"
"767","4420","Gavin Newlands","GavNewlandsSNP"
"769","4421","Mhairi Black","MhairiBlack"
"771","4422","Michelle  Thomson","michellethomson"
"772","4423","William Quince","willquince"
"774","4424","John McNally","JohnMcNallySNP"
"776","4425","Joanna Stevens","jostevenslabour"
"778","4426","Paula Sherriff","paulasherriff"
"780","4427","Tasmina Ahmed-Sheikh","TasminaSheikh"
"781","4429","William Wragg","william_wragg"
"783","4430","Alison Thewliss","alisonthewliss"
"785","4431","David Mackintosh","davidmackintosh"
"786","4432","Patrick Grady","gradysnp"
"788","4433","Thangam Debbonaire","thangammp"
"790","4434","Stephen Gethins","stephengethins"
"792","4435","Patricia Gibson","PGibsonSNP"
"794","4436","Catherine Smith","CatSmithMP"
"796","4437","Elizabeth Anne McLaughlin","annemclaughlin"
"797","4438","Alun Craig Williams","craig4monty"
"798","4439","Alberto Costa","albertocostamp"
"800","4440","Marion Fellows","marionfellows"
"802","4441","Oliver Dowden","OliverDowden"
"804","4442","Huw Merriman","huwmerriman"
"806","4443","Carol Monaghan","cmonaghansnp"
"808","4444","Karin Smyth","karinsmyth"
"810","4445","Ben Howlett","benhowlettuk"
"811","4446","Marcus Fysh","marcusfysh"
"813","4447","Margaret Throup","maggie_erewash"
"815","4448","Corri Wilson","CorriWilsonSNP"
"816","4449","Anna Turley","annaturley"
"818","4450","Luke Hall","LukeHall"
"820","4451","Kevin Foster","kevin_j_foster"
"822","4452","Stephen Double","stevedouble"
"824","4453","Thomas Sheppard","tommysheppard"
"826","4454","Amanda Milling","amandamilling"
"828","4455","Seema Kennedy","seemakennedy"
"830","4456","Jeffrey Smith","jeffsmithetc"
"832","4457","Marie Rimmer","MarieRimmer"
"834","4458","Conor McGinn","conormcginn"
"836","4460","Nusrat Ul-Ghani","nus_ghani"
"838","4461","Stewart McDonald","stewartmcdonald"
"840","4462","Thomas Tugendhat","tomtugendhat"
"842","4463","Christopher Stephens","ChrisStephens"
"844","4464","Melanie Onn","onnmel"
"846","4465","Ronald Cowan","ronniecowan"
"848","4466","Peter Grant","petergrantmp"
"850","4467","Andrew Hendry","drewhendrysnp"
"852","4468","William Arthur Roger Mullin","rogmull"
"853","4469","Angela Crawley","AngelaCrawley30"
"855","4470","Alan Brown","alanbrownsnp"
"857","4471","Rachael Maskell","rachaelmaskell"
"859","4472","Holly Walker-Lynch","hollylynch5"
"861","4473","Louise Haigh","louhaigh"
"863","4474","Kevin Hollinrake","kevinhollinrake"
"865","4475","Sue-Ellen Braverman","suellabraverman"
"867","4476","James Davies","JamesDavies"
"868","4478","Royston Smith","royston_smith"
"870","4480","Carolyn Harris","carolynharris24"
"872","4481","Alexander Chalk","alexchalkchelt"
"874","4482","Owen Thompson","OwenThompson"
"875","4483","Rishi Sunak","RishiSunak"
"877","4484","Alan Mak","AlanMakMP"
"879","4485","John Mercer","JohnnyMercerUK"
"881","4486","Hannah Bardell","hannahb4livimp"
"883","4487","Kelly Tolhurst","kellytolhurst"
"885","4488","Martyn Day","MartynDaySNP"
"887","4490","Andrea Jenkyns","andreajenkyns"
"889","4491","Victoria Foxcroft","vickyfoxcroft"
"891","4492","Maria Caulfield","mariacaulfield"
"893","4493","Richard Burgon","richardburgon"
"895","4494","Simon Hoare","Simon4NDorset"
"897","4495","Christopher Malthouse","kitmalthouse"
"899","4496","Scott Mann","ScottMann4NC"
"901","4497","Michael Tomlinson-Mynors","michael4mdnp"
"903","4498","Ranil Jayawardena","ranil"
"905","4499","Byron Davies","Byron_Davies"
"906","4500","Clive Lewis","labourlewis"
"908","4501","Gerald Jones","geraldjoneslab"
"910","4502","Victoria Borwick","backborwick"
"911","4503","Chris Philp","CPhilpOfficial"
"913","4504","Wesley Streeting","wesstreeting"
"915","4505","Peter Kyle","peterkyle"
"917","4506","Antoinette Sherratt (Sandbach)","Sandbach"
"919","4508","Ruth Smeeth","ruthsmeeth"
"921","4509","Craig Tracey","craig4nwarks"
"923","4510","Helen Hayes","helenhayes_"
"925","4511","Rupa Huq","rupahuq"
"927","4512","Caroline Ansell","caroline_ansell"
"928","4513","Miriam Davies","mimsdavies"
"930","4514","Keir Starmer","keir_starmer"
"932","4515","Kate Osamor","kateosamor"
"934","4516","Heidi-Suzanne Allen","heidiallen75"
"936","4518","Tulip Siddiq","tulipsiddiq"
"938","4519","James Cartlidge","jc4southsuffolk"
"940","4520","Matthew Pennycook","mtpennycook"
"942","4521","Liz Saville Roberts","lsrplaid"
"944","4522","Rebecca Clark (Pow)","pow_rebecca"
"946","4523","Catherine West","catherinewest1"
"948","4524","Peter Heaton-Jones","peternorthdevon"
"950","4525","Christina Rees","rees4neath"
"952","4526","David Warburton","djwarburton"
"954","4527","Helen Whately","helen_whately"
"956","4528","James Heappey","jsheappey"
"958","4529","Craig Mackinlay","cmackinlay"
"960","4530","Michelle Donelan","michelledonelan"
"962","4531","Anne-Marie Trevelyan","annietrev"
"964","4532","Derek Thomas","DerekThomasUK"
"966","4569","James McMahon","JimfromOldham"
"968","4571","Gillian Furniss","gillfurnissmp"
"970","458","Ann Coffey","AnnCoffey"
"972","4588","Tracy Brabin","tracybrabin"
"974","4597","Olukemi Badenoch","KemiBadenoch"
"975","4598","Mohammad Yasin","YasinForBedford"
"976","4599","Ross Thomson","RossThomson_Abz"
"977","4600","Leo Docherty","LeoDochertyUK"
"978","4601","Andrew Bowie","AndrewBowie_MP"
"979","4602","Wera Hobhouse","Wera_Hobhouse"
"980","4603","Preet Gill","PreetKGillMP"
"981","4606","David Duguid","david_duguid"
"982","4607","Stephanie Peacock","Steph_Peacock"
"983","4608","John Lamont","John2Win"
"984","4610","Charalambos Charalambous","Bambos_MP"
"985","4611","Emma Little Pengelly","little_pengelly"
"986","4612","Jamie Stone","Jamie4North"
"987","4613","Michael Burghart","alexburghart"
"988","4614","Hugh Gaffney","HughGaffneyCCB"
"989","4615","Lloyd Russell-Moyle","lloyd_rm"
"990","4616","Rosemary Duffield","RosieDuffield1"
"991","4617","Matthew Western","mattwestern_"
"992","4620","Eleanor Reeves","elliereeves"
"993","4621","Darren Jones","darrenpjones"
"994","4622","Luke Graham","LukeGrahamUK"
"995","4623","Antonia Antoniazzi","ToniaAntoniazzi"
"996","4624","Elisha McCallion","ElishaMcC_SF"
"997","4625","Paul Masterton","pmasterton1985"
"998","4626","Martin Whitfield","_MWhitfield"
"999","4627","Douglas Ross","Douglas4Moray"
"1000","4628","Danielle Rowley","DaniRowley"
"1001","4630","Ben Lake","BenMLake"
"1002","4631","Sarah Jones","LabourSJ"
"1003","4632","Anna McMorrin","AnnaMcMorrin"
"1004","4633","William Girvan","PaulGirvanMP"
"1005","4634","Christine Jardine","cajardineMP"
"1006","4635","Edmund Hughes","EddieHughes4WN"
"1007","4636","Christopher Hazzard","ChrisHazzardSF"
"1008","4637","James Frith","JamesFrith"
"1009","4638","Tanmanjeet Dhesi","TanDhesi"
"1010","4639","Abimbola Afolami","BimAfolami"
"1011","4640","David Linden","DavidLinden"
"1012","4642","Paul Sweeney","PaulJSweeney"
"1013","4645","Emma Hardy","EmmaHardyMP"
"1014","4647","Julia Lopez","JuliaLopezMP"
"1015","4648","Laura Smith","LauraSmithCrewe"
"1016","4649","Thelma Walker","Thelma_DWalker"
"1017","465","Gordon Marsden","GordonMarsden"
"1019","4650","Colin Clark","Colin_J_Clark"
"1020","4651","Daniel Carden","DanCardenMP"
"1021","4652","Lee Rowley","Lee4NED"
"1022","4653","Stephen Morgan","StephenMorganMP"
"1023","4654","Mathew Rodda","MattRodda"
"1024","4655","Simon Clarke","SimonClarkeMP"
"1025","4656","Layla Moran","LaylaMoran"
"1026","4657","Anneliese Dodds","AnnelieseDodds"
"1027","4658","Alexander Sobel","alexsobel"
"1028","4659","Andrew Lewer","ALewerMBE"
"1029","4660","Lesley Laird","LesleyLaird"
"1030","4662","Ruth George","RuthGeorge6"
"1031","4663","Benjamin Bradley","BBradley_Mans"
"1032","4664","Karen Lee","Karen_karenelee"
"1033","4665","Laura Pidcock","LauraPidcock"
"1034","4667","Michael Amesbury","MikeAmesbury"
"1035","4668","Rachel Maclean","redditchrachel"
"1036","4670","Mian Rashid","Faisal__Rashid"
"1037","4672","Gerard Killen","Gedk"
"1038","4673","Joanne Platt","JoPlattLeigh"
"1039","4674","Victoria Ford","vickyford"
"1040","4675","Kirstene Hair","Kirstene4Angus"
"1041","4676","Marsha De Cordova","Marshadecordova"
"1042","4677","Giles Watling","GilesWatling"
"1043","4678","Alexander Martin","sandyofipswich"
"1044","4679","Neil O'Brien","NeilDotObrien"
"1045","4680","Gillian Keegan","GillianKeegan"
"1046","4681","Robert Seely","IoWBobSeely"
"1047","4682","Luke Pollard","LukePollard"
"1048","4683","Emma Dent Coad","emmadentcoad"
"1049","47","James Howarth","geraldhowarth"
"1050","473","Mark Hendrick","MpHendrick"
"1052","474","Nigel Evans","nigelmp"
"1054","478","Frank Field","frankfieldteam"
"1056","483","Maria Eagle","meaglemp"
"1058","484","Louise Ellman","LouiseEllman"
"1060","491","Angela Eagle","angelaeagle"
"1062","529","Alan Campbell","alancampbellmp"
"1064","533","David Hanson","RTHondavehanson"
"1066","534","Christopher Ruane","ChrisRuane58"
"1067","55","Desmond Swayne","DesmondSwayne"
"1069","553","Ann Clwyd","AnnClwyd"
"1071","577","Alexander Salmond","alexsalmond"
"1072","62","Alan Whitehead","alanwhiteheadmp"
"1074","650","Jeffrey Donaldson","J_Donaldson_MP"
"1076","68","Peter Lilley","LilleyPeter"
"1077","69","Oliver Heald","OliverHealdUK"
"1079","76","Damian Green","DamianGreen"
"1081","77","Julian Brazier","julian_brazier"
"1082","8","Theresa May","theresa_may"
"1084","87","Roger Gale","SirRogerGale"
